0,0,0,0,1.24368,3.78416,-0.365197,9,6
1,-98,0,0,-94.0702,0.459577,-0.587636,4,4
2,0,-98,0,0.397332,-94.0555,0.531632,3,3
3,0,0,0,-0.705327,-3.46583,1.8683,9,6
4,1.24368,3.78416,-0.365197,2.21442,7.35545,-1.88296,6,6
5,-94.0702,0.459577,-0.587636,-90.1465,0.750185,-1.30913,4,3
6,0.397332,-94.0555,0.531632,0.555432,-90.1128,1.18769,3,3
7,0,0,0,-0.551063,-1.07093,-3.81437,9,5
8,1.24368,3.78416,-0.365197,2.09919,4.8656,3.38961,6,3
9,-94.0702,0.459577,-0.587636,-94.2773,3.42174,2.09242,4,1
10,-0.705327,-3.46583,1.8683,-0.670465,-5.0475,5.54214,6,5
11,2.21442,7.35545,-1.88296,2.66571,9.84843,-4.97834,6,5
12,-90.1465,0.750185,-1.30913,-86.2436,1.18733,-2.06824,3,3
13,0.555432,-90.1128,1.18769,0.660273,-86.1267,1.5037,3,3
14,0,0,0,-3.6928,1.45364,0.500201,9,2
15,-94.0702,0.459577,-0.587636,-93.4633,-3.48924,-0.391307,4,2
16,-0.705327,-3.46583,1.8683,-0.157406,-7.13299,0.367713,6,3
17,2.21442,7.35545,-1.88296,-1.2619,9.20575,-1.18181,6,3
18,-0.551063,-1.07093,-3.81437,-0.527307,-2.43624,-7.57408,5,5
19,2.09919,4.8656,3.38961,2.41387,6.34979,7.09071,3,3
20,-94.2773,3.42174,2.09242,-93.2389,5.84658,5.09941,1,1
21,-0.670465,-5.0475,5.54214,-0.73017,-6.19315,9.3741,5,5
22,2.66571,9.84843,-4.97834,3.19587,12.306,-8.08953,5,4
23,-86.2436,1.18733,-2.06824,-82.4165,1.34357,-3.22106,3,3
24,0.660273,-86.1267,1.5037,0.75012,-82.1505,1.93068,3,3
25,2.66571,9.84843,-4.97834,6.5207,8.78139,-4.99892,5,3
26,0.660273,-86.1267,1.5037,-3.084,-85.9539,0.107082,3,2
27,-3.6928,1.45364,0.500201,-7.5665,2.32813,0.979447,2,2
28,-93.4633,-3.48924,-0.391307,-92.3905,-7.15428,0.798877,2,2
29,-0.157406,-7.13299,0.367713,0.935459,-10.8783,-0.51436,3,3
30,-1.2619,9.20575,-1.18181,-4.01837,12.044,-0.593613,3,3
31,-0.527307,-2.43624,-7.57408,-0.345922,-3.48912,-11.4288,5,5
32,2.41387,6.34979,7.09071,3.13113,7.60108,10.8216,3,3
33,-93.2389,5.84658,5.09941,-91.4797,8.65276,7.34226,1,1
34,-0.73017,-6.19315,9.3741,-0.7089,-7.06419,13.278,5,5
35,3.19587,12.306,-8.08953,4.15922,14.6588,-11.1776,4,4
36,-82.4165,1.34357,-3.22106,-78.917,1.03636,-5.13394,3,3
37,0.75012,-82.1505,1.93068,1.33998,-78.3095,2.87875,3,3
38,-0.73017,-6.19315,9.3741,-4.41677,-7.73996,9.24626,5,2
39,6.5207,8.78139,-4.99892,10.4521,8.55484,-5.70116,3,3
40,-3.084,-85.9539,0.107082,-6.31129,-85.4468,-2.20107,2,2
41,-7.5665,2.32813,0.979447,-11.4491,2.97605,1.69067,2,2
42,-92.3905,-7.15428,0.798877,-90.2174,-10.0592,2.48389,2,2
43,0.935459,-10.8783,-0.51436,2.13276,-14.6918,-0.669853,3,2
44,-4.01837,12.044,-0.593613,-6.31362,15.3166,-0.445153,3,3
45,-0.345922,-3.48912,-11.4288,-0.210251,-4.31693,-15.3398,5,4
46,3.13113,7.60108,10.8216,3.79409,8.75095,14.595,3,3
47,-91.4797,8.65276,7.34226,-89.0043,11.1582,9.23837,1,1
48,-0.7089,-7.06419,13.278,-0.65927,-7.66013,17.2331,5,4
49,4.15922,14.6588,-11.1776,4.85245,16.9335,-14.394,4,4
50,-78.917,1.03636,-5.13394,-75.866,0.559317,-7.67625,3,3
51,1.33998,-78.3095,2.87875,2.00805,-74.6009,4.22021,3,3
52,0.935459,-10.8783,-0.51436,-2.71802,-12.4036,-1.0851,3,2
53,-0.345922,-3.48912,-11.4288,-2.99733,-0.726484,-12.5854,5,2
54,-0.7089,-7.06419,13.278,3.26678,-7.42951,13.0321,5,3
55,4.15922,14.6588,-11.1776,6.47081,17.3495,-9.32919,4,1
56,-78.917,1.03636,-5.13394,-76.3249,0.397898,-2.15512,3,1
57,-4.41677,-7.73996,9.24626,-6.77542,-10.7755,10.3517,2,2
58,10.4521,8.55484,-5.70116,14.3755,8.35633,-6.45435,3,3
59,-6.31129,-85.4468,-2.20107,-9.81985,-83.7563,-3.11336,2,2
60,-11.4491,2.97605,1.69067,-15.2282,3.91178,2.60863,2,2
61,-90.2174,-10.0592,2.48389,-88.0813,-12.999,4.15551,2,2
62,2.13276,-14.6918,-0.669853,4.10047,-18.1732,-0.759012,2,2
63,-6.31362,15.3166,-0.445153,-8.30114,18.7873,-0.381004,3,3
64,-0.210251,-4.31693,-15.3398,-0.0825808,-5.04955,-19.2701,4,4
65,3.79409,8.75095,14.595,4.4787,9.6696,18.4274,3,3
66,-89.0043,11.1582,9.23837,-86.526,13.8583,10.8407,1,1
67,-0.65927,-7.66013,17.2331,-0.565646,-7.90571,21.2245,4,4
68,4.85245,16.9335,-14.394,5.38808,19.1902,-17.6529,4,3
69,-75.866,0.559317,-7.67625,-73.1054,-0.0109277,-10.5142,3,2
70,2.00805,-74.6009,4.22021,3.42847,-71.1374,5.62977,3,2
71,-0.210251,-4.31693,-15.3398,-2.44784,-7.62276,-15.0855,4,1
72,-0.65927,-7.66013,17.2331,-4.48576,-8.68121,17.7947,4,1
73,4.85245,16.9335,-14.394,1.51281,15.4616,-16.0312,4,2
74,-75.866,0.559317,-7.67625,-74.4404,4.26287,-7.17483,3,2
75,2.00805,-74.6009,4.22021,-1.26797,-75.0499,6.47099,3,1
76,-2.71802,-12.4036,-1.0851,-5.90086,-14.7512,-1.68356,2,2
77,-2.99733,-0.726484,-12.5854,-6.86355,-0.127061,-13.4179,2,2
78,3.26678,-7.42951,13.0321,7.0033,-8.5397,13.9298,3,3
79,6.47081,17.3495,-9.32919,7.98778,20.6699,-7.69398,1,1
80,-76.3249,0.397898,-2.15512,-73.2295,-0.747085,0.10477,1,1
81,-6.77542,-10.7755,10.3517,-8.7948,-14.006,11.5707,2,2
82,14.3755,8.35633,-6.45435,18.2771,8.39826,-7.33511,3,3
83,-9.81985,-83.7563,-3.11336,-12.5971,-81.2906,-4.59902,2,2
84,-15.2282,3.91178,2.60863,-18.6011,5.23228,4.30567,2,2
85,-88.0813,-12.999,4.15551,-85.6457,-15.8517,5.54478,2,2
86,4.10047,-18.1732,-0.759012,7.39064,-20.1981,-1.79553,2,2
87,-8.30114,18.7873,-0.381004,-10.2744,22.2637,-0.526139,3,3
88,-0.0825808,-5.04955,-19.2701,0.204244,-5.44512,-23.2401,4,4
89,4.4787,9.6696,18.4274,5.01767,10.5234,22.2979,3,3
90,-86.526,13.8583,10.8407,-84.0783,16.5707,12.469,1,1
91,-0.565646,-7.90571,21.2245,-0.574796,-7.74693,25.2213,4,3
92,5.38808,19.1902,-17.6529,5.5921,21.0991,-21.1621,3,3
93,-73.1054,-0.0109277,-10.5142,-71.0549,-0.443238,-13.9213,2,2
94,3.42847,-71.1374,5.62977,5.20501,-68.3018,7.82142,2,2
95,-8.30114,18.7873,-0.381004,-5.69436,20.1202,-3.10644,3,1
96,-0.0825808,-5.04955,-19.2701,3.38221,-6.94721,-19.8978,4,2
97,4.4787,9.6696,18.4274,1.84677,12.1992,16.7922,3,1
98,-0.565646,-7.90571,21.2245,-1.7719,-4.10291,21.5137,4,1
99,5.38808,19.1902,-17.6529,7.70689,16.1351,-18.7885,3,1
100,3.42847,-71.1374,5.62977,6.70571,-71.3389,3.34523,2,1
101,-2.44784,-7.62276,-15.0855,-5.26494,-10.3808,-15.7617,1,1
102,-4.48576,-8.68121,17.7947,-8.33728,-8.09467,18.7012,1,1
103,1.51281,15.4616,-16.0312,-1.88658,15.2374,-18.1274,2,2
104,-74.4404,4.26287,-7.17483,-73.1118,7.89979,-8.17872,2,2
105,-1.26797,-75.0499,6.47099,-2.13458,-74.68,10.3584,1,1
106,-5.90086,-14.7512,-1.68356,-8.7695,-17.5386,-1.72127,2,2
107,-6.86355,-0.127061,-13.4179,-10.7342,0.479282,-14.2246,2,2
108,7.0033,-8.5397,13.9298,10.731,-9.29984,15.1653,3,3
109,7.98778,20.6699,-7.69398,9.54508,23.9243,-5.9666,1,1
110,-73.2295,-0.747085,0.10477,-69.8393,-1.83115,1.92994,1,1
111,-8.7948,-14.006,11.5707,-10.2311,-17.4701,12.9627,2,2
112,18.2771,8.39826,-7.33511,22.1495,8.63123,-8.30998,3,2
113,-12.5971,-81.2906,-4.59902,-14.6486,-78.366,-6.39832,2,2
114,-18.6011,5.23228,4.30567,-21.7435,6.78431,6.23343,2,2
115,-85.6457,-15.8517,5.54478,-83.2506,-18.7297,6.95213,2,2
116,7.39064,-20.1981,-1.79553,10.6271,-21.8706,-3.44714,2,2
117,-10.2744,22.2637,-0.526139,-12.2883,25.7196,-0.500064,3,3
118,0.204244,-5.44512,-23.2401,0.400207,-5.67321,-27.2288,4,4
119,5.01767,10.5234,22.2979,5.26802,11.2898,26.2158,3,3
120,-84.0783,16.5707,12.469,-81.6978,19.3174,14.1391,1,1
121,-0.574796,-7.74693,25.2213,-0.764705,-7.45481,29.2061,3,3
122,5.5921,21.0991,-21.1621,5.8452,23.1954,-24.5594,3,3
123,-71.0549,-0.443238,-13.9213,-69.318,-1.3796,-17.4007,2,2
124,5.20501,-68.3018,7.82142,7.76287,-65.492,9.07131,2,2
125,-0.0825808,-5.04955,-19.2701,1.20075,-1.50263,-20.6014,4,1
126,4.4787,9.6696,18.4274,5.4969,5.87151,19.1608,3,1
127,1.51281,15.4616,-16.0312,0.388615,19.2286,-15.2923,2,1
128,-8.7948,-14.006,11.5707,-12.3478,-12.9849,10.0432,2,1
129,18.2771,8.39826,-7.33511,16.807,6.00973,-10.1871,3,1
130,-18.6011,5.23228,4.30567,-21.1297,3.63675,1.64853,2,1
131,7.39064,-20.1981,-1.79553,7.37577,-22.7473,1.28692,2,1
132,0.204244,-5.44512,-23.2401,-0.626788,-1.66673,-24.2565,4,1
133,5.01767,10.5234,22.2979,2.16198,7.77355,22.8304,3,1
134,-5.69436,20.1202,-3.10644,-3.1487,21.3248,-5.94695,1,1
135,3.38221,-6.94721,-19.8978,7.08889,-8.28588,-20.5823,2,2
136,1.84677,12.1992,16.7922,1.96606,16.1514,16.1868,1,1
137,-1.7719,-4.10291,21.5137,-1.08311,-1.37368,24.3557,1,1
138,7.70689,16.1351,-18.7885,9.87114,13.1843,-20.4036,1,1
139,6.70571,-71.3389,3.34523,9.91635,-70.3707,1.16475,1,1
140,-5.26494,-10.3808,-15.7617,-7.85464,-12.5266,-17.927,1,1
141,-8.33728,-8.09467,18.7012,-11.1645,-6.7947,21.2145,1,1
142,-1.88658,15.2374,-18.1274,-5.25012,14.7312,-20.2322,2,2
143,-73.1118,7.89979,-8.17872,-71.6941,11.4255,-9.42746,2,2
144,-2.13458,-74.68,10.3584,-2.66375,-74.3762,14.3116,1,1
145,-8.7695,-17.5386,-1.72127,-11.4816,-20.4785,-1.68642,2,2
146,-10.7342,0.479282,-14.2246,-14.6324,0.654799,-15.1039,2,1
147,10.731,-9.29984,15.1653,14.5193,-9.6872,16.3894,3,3
148,9.54508,23.9243,-5.9666,10.6983,27.6474,-5.06743,1,1
149,-69.8393,-1.83115,1.92994,-66.4402,-2.91309,3.73986,1,1
150,-10.2311,-17.4701,12.9627,-11.2361,-20.9507,14.6583,2,2
151,22.1495,8.63123,-8.30998,25.9068,9.35451,-9.47594,2,2
152,-14.6486,-78.366,-6.39832,-16.6845,-75.4253,-8.18932,2,2
153,-21.7435,6.78431,6.23343,-23.377,8.57664,9.41453,2,2
154,-83.2506,-18.7297,6.95213,-80.8647,-21.5755,8.43832,2,1
155,10.6271,-21.8706,-3.44714,13.6244,-23.0099,-5.83847,2,2
156,-12.2883,25.7196,-0.500064,-14.3641,29.1363,-0.632179,3,3
157,0.400207,-5.67321,-27.2288,0.531693,-5.72634,-31.2263,4,3
158,5.26802,11.2898,26.2158,5.32646,12.1839,30.1141,3,2
159,-81.6978,19.3174,14.1391,-79.6401,22.3991,15.6455,1,1
160,-0.764705,-7.45481,29.2061,-0.982064,-7.29218,33.1969,3,3
161,5.8452,23.1954,-24.5594,5.9764,24.8187,-28.2128,3,2
162,-69.318,-1.3796,-17.4007,-67.6376,-2.62513,-20.8103,2,2
163,7.76287,-65.492,9.07131,10.052,-63.3334,11.5413,2,2
164,-8.7948,-14.006,11.5707,-5.93022,-16.3331,10.0283,2,1
165,18.2771,8.39826,-7.33511,17.6462,12.2698,-6.55205,3,1
166,3.38221,-6.94721,-19.8978,2.90549,-10.8804,-19.3479,2,1
167,-1.88658,15.2374,-18.1274,-1.94252,11.3769,-19.1729,2,1
168,-8.7695,-17.5386,-1.72127,-5.93762,-19.4287,0.37826,2,1
169,-10.7342,0.479282,-14.2246,-11.034,4.33338,-15.2522,2,1
170,10.731,-9.29984,15.1653,9.31993,-7.44798,18.4179,3,1
171,-10.2311,-17.4701,12.9627,-11.1172,-15.1463,16.0956,2,1
172,-21.7435,6.78431,6.23343,-20.2799,3.99494,8.69863,2,1
173,-83.2506,-18.7297,6.95213,-85.5898,-21.1605,4.80299,2,1
174,10.6271,-21.8706,-3.44714,7.66406,-24.3992,-4.35629,2,1
175,0.400207,-5.67321,-27.2288,2.09291,-2.19972,-28.263,4,2
176,5.26802,11.2898,26.2158,1.53016,12.6699,26.5678,3,1
177,-81.6978,19.3174,14.1391,-84.4815,21.951,15.2861,1,1
178,5.8452,23.1954,-24.5594,4.30806,26.6451,-23.2416,3,2
179,1.20075,-1.50263,-20.6014,3.92965,0.405342,-22.8179,1,1
180,-12.3478,-12.9849,10.0432,-15.8365,-13.3364,11.9682,1,1
181,16.807,6.00973,-10.1871,17.4487,2.40991,-11.8087,1,1
182,-21.1297,3.63675,1.64853,-23.6534,2.10404,-1.04995,1,1
183,7.37577,-22.7473,1.28692,6.66951,-26.5739,2.21329,1,1
184,-0.626788,-1.66673,-24.2565,-3.7268,-1.54728,-26.7816,1,1
185,2.16198,7.77355,22.8304,3.66459,5.3979,25.6762,1,1
186,-3.1487,21.3248,-5.94695,-4.99828,24.1834,-8.04642,1,1
187,7.08889,-8.28588,-20.5823,10.4603,-9.6713,-22.2298,2,2
188,1.96606,16.1514,16.1868,2.08535,20.1035,15.5814,1,1
189,-1.08311,-1.37368,24.3557,-1.47842,2.00246,26.4641,1,1
190,9.87114,13.1843,-20.4036,13.1922,11.2855,-21.572,1,1
191,9.91635,-70.3707,1.16475,13.1071,-69.3423,-1.01741,1,1
192,-7.85464,-12.5266,-17.927,-10.4838,-13.7081,-20.7004,1,1
193,-11.1645,-6.7947,21.2145,-13.9189,-5.5721,23.8449,1,1
194,-5.25012,14.7312,-20.2322,-8.62038,15.3516,-22.2953,2,2
195,-71.6941,11.4255,-9.42746,-70.6967,14.8377,-11.261,2,2
196,-2.66375,-74.3762,14.3116,-3.15882,-74.084,18.2701,1,1
197,-11.4816,-20.4785,-1.68642,-14.6817,-22.8422,-2.10207,2,2
198,-14.6324,0.654799,-15.1039,-18.6132,0.318866,-14.9047,1,1
199,14.5193,-9.6872,16.3894,18.3461,-10.2502,17.4086,3,2
200,10.6983,27.6474,-5.06743,11.8719,31.3523,-4.12072,1,1
201,-66.4402,-2.91309,3.73986,-63.0202,-3.0976,5.80623,1,1
202,-11.2361,-20.9507,14.6583,-11.3651,-24.8774,15.4097,2,2
203,25.9068,9.35451,-9.47594,29.66,10.2986,-10.487,2,2
204,-16.6845,-75.4253,-8.18932,-18.6758,-72.4673,-10.0018,2,1
205,-23.377,8.57664,9.41453,-24.8834,10.4019,12.6393,2,2
206,-80.8647,-21.5755,8.43832,-77.7117,-23.4257,10.0619,1,1
207,13.6244,-23.0099,-5.83847,16.889,-23.0632,-8.14923,2,1
208,-14.3641,29.1363,-0.632179,-16.3324,32.6159,-0.768427,3,2
209,0.531693,-5.72634,-31.2263,0.405072,-5.70258,-35.2242,3,3
210,5.32646,12.1839,30.1141,5.69214,13.1219,33.9854,2,2
211,-79.6401,22.3991,15.6455,-76.9406,24.7258,17.4618,1,1
212,-0.982064,-7.29218,33.1969,-1.33848,-7.05192,37.1737,3,3
213,5.9764,24.8187,-28.2128,6.25097,26.1108,-31.9884,2,2
214,-67.6376,-2.62513,-20.8103,-65.8728,-4.43795,-23.9086,2,2
215,10.052,-63.3334,11.5413,12.0959,-61.2151,14.2496,2,2
216,-21.7435,6.78431,6.23343,-23.0407,8.73828,2.99316,2,1
217,7.08889,-8.28588,-20.5823,9.1098,-9.94176,-17.5534,2,1
218,-5.25012,14.7312,-20.2322,-5.91547,18.6533,-20.6499,2,1
219,-2.66375,-74.3762,14.3116,1.16712,-75.1744,13.4826,1,1
220,-11.4816,-20.4785,-1.68642,-14.3496,-17.9171,-2.78788,2,1
221,14.5193,-9.6872,16.3894,15.2199,-12.5458,13.6806,3,1
222,10.6983,27.6474,-5.06743,8.34412,27.8478,-1.8398,1,1
223,-11.2361,-20.9507,14.6583,-7.79576,-21.3002,12.648,2,1
224,-16.6845,-75.4253,-8.18932,-17.5224,-74.3383,-4.43214,2,1
225,-23.377,8.57664,9.41453,-20.1339,9.04189,11.7093,2,1
226,13.6244,-23.0099,-5.83847,11.1448,-20.4884,-7.70765,2,1
227,-14.3641,29.1363,-0.632179,-17.5561,27.3218,-2.21939,3,1
228,0.531693,-5.72634,-31.2263,-2.43665,-8.40659,-31.2985,3,1
229,5.32646,12.1839,30.1141,9.2395,12.4465,29.3273,2,1
230,-0.982064,-7.29218,33.1969,1.62606,-4.36066,32.4198,3,1
231,5.9764,24.8187,-28.2128,9.91641,25.508,-28.2477,2,1
232,10.052,-63.3334,11.5413,8.60979,-59.9057,10.0677,2,1
233,-5.93022,-16.3331,10.0283,-3.47113,-19.4833,10.1997,1,1
234,-11.1172,-15.1463,16.0956,-14.1126,-15.6599,18.6964,1,1
235,-20.2799,3.99494,8.69863,-17.9342,5.14261,11.7286,1,1
236,-85.5898,-21.1605,4.80299,-87.9291,-23.5914,2.65385,1,1
237,7.66406,-24.3992,-4.35629,6.2886,-26.9673,-7.0973,1,1
238,2.09291,-2.19972,-28.263,4.7492,-1.10941,-31.0479,2,2
239,1.53016,12.6699,26.5678,-1.18076,14.9241,28.4571,1,1
240,4.30806,26.6451,-23.2416,4.06723,30.2236,-21.4705,2,2
241,3.92965,0.405342,-22.8179,7.34101,-1.59682,-23.4129,1,1
242,-15.8365,-13.3364,11.9682,-19.3252,-13.6878,13.8932,1,1
243,17.4487,2.40991,-11.8087,19.8751,-0.270422,-13.5198,1,1
244,-23.6534,2.10404,-1.04995,-26.1666,0.679383,-3.81655,1,1
245,6.66951,-26.5739,2.21329,6.81549,-28.677,5.61266,1,1
246,-4.99828,24.1834,-8.04642,-6.84786,27.0419,-10.1459,1,1
247,10.4603,-9.6713,-22.2298,13.5925,-11.3678,-24.0494,2,2
248,2.08535,20.1035,15.5814,2.30181,24.0249,16.3401,1,1
249,-1.47842,2.00246,26.4641,-3.9063,2.3957,29.6186,1,1
250,13.1922,11.2855,-21.572,16.3527,9.182,-22.8317,1,1
251,13.1071,-69.3423,-1.01741,16.2572,-68.2039,-3.20383,1,1
252,-10.4838,-13.7081,-20.7004,-12.5576,-15.2353,-23.761,1,1
253,-13.9189,-5.5721,23.8449,-16.6591,-4.65778,26.6117,1,1
254,-8.62038,15.3516,-22.2953,-11.8503,14.8834,-24.608,2,2
255,-70.6967,14.8377,-11.261,-69.677,18.2749,-13.0347,2,2
256,-3.15882,-74.084,18.2701,-5.02257,-73.5501,21.7689,1,1
257,-14.6817,-22.8422,-2.10207,-17.2358,-25.9205,-2.092,2,2
258,-18.6132,0.318866,-14.9047,-22.607,0.206713,-14.7124,1,1
259,18.3461,-10.2502,17.4086,21.9629,-10.2708,19.117,2,2
260,11.8719,31.3523,-4.12072,13.3782,34.9727,-3.3309,1,1
261,-63.0202,-3.0976,5.80623,-59.5756,-3.30846,7.82852,1,1
262,-11.3651,-24.8774,15.4097,-12.0866,-28.8002,15.7108,2,2
263,29.66,10.2986,-10.487,33.3512,11.6084,-11.299,2,2
264,-18.6758,-72.4673,-10.0018,-20.2963,-69.8765,-12.5828,1,1
265,-24.8834,10.4019,12.6393,-27.326,12.1851,15.2573,2,2
266,-77.7117,-23.4257,10.0619,-74.7478,-25.3296,11.9567,1,1
267,16.889,-23.0632,-8.14923,20.8494,-22.8525,-8.66966,1,1
268,-16.3324,32.6159,-0.768427,-17.8374,36.3215,-0.712521,2,2
269,0.405072,-5.70258,-35.2242,0.518081,-5.6246,-39.2218,3,3
270,5.69214,13.1219,33.9854,5.869,13.7542,37.9311,2,2
271,-76.9406,24.7258,17.4618,-74.2342,27.0382,19.2861,1,1
272,-1.33848,-7.05192,37.1737,-1.7934,-7.01484,41.1476,3,3
273,6.25097,26.1108,-31.9884,6.36577,26.8452,-35.9187,2,2
274,-65.8728,-4.43795,-23.9086,-64.0717,-6.1328,-27.0524,2,2
275,12.0959,-61.2151,14.2496,14.1929,-59.5315,17.2107,2,2
276,-8.62038,15.3516,-22.2953,-11.5185,15.3239,-19.5385,2,1
277,-14.6817,-22.8422,-2.10207,-18.159,-20.8928,-1.77374,2,1
278,-18.6132,0.318866,-14.9047,-18.2175,-3.60259,-14.2223,1,1
279,29.66,10.2986,-10.487,31.721,7.28872,-8.84614,2,1
280,-24.8834,10.4019,12.6393,-24.9582,13.7463,10.4463,2,1
281,16.889,-23.0632,-8.14923,16.9133,-26.9671,-9.02039,1,1
282,5.69214,13.1219,33.9854,4.68486,9.50167,35.3562,2,1
283,15.2199,-12.5458,13.6806,18.3295,-14.3207,11.8972,1,1
284,8.34412,27.8478,-1.8398,5.98992,28.0483,1.38783,1,1
285,-7.79576,-21.3002,12.648,-5.68526,-19.8979,15.743,1,1
286,-17.5224,-74.3383,-4.43214,-20.5163,-73.4026,-1.94998,1,1
287,-20.1339,9.04189,11.7093,-17.4307,10.7907,14.0829,1,1
288,11.1448,-20.4884,-7.70765,11.8101,-20.2871,-11.6468,1,1
289,-17.5561,27.3218,-2.21939,-20.7838,26.4829,-4.42796,1,1
290,9.2395,12.4465,29.3273,13.1525,12.709,28.5404,1,1
291,1.62606,-4.36066,32.4198,5.29892,-4.52223,33.9958,1,1
292,9.91641,25.508,-28.2477,13.7361,26.3397,-29.095,1,1
293,8.60979,-59.9057,10.0677,7.16763,-56.4781,8.59424,1,1
294,-3.47113,-19.4833,10.1997,-3.11576,-22.1798,13.1327,1,1
295,-14.1126,-15.6599,18.6964,-17.1079,-16.1734,21.2972,1,1
296,-17.9342,5.14261,11.7286,-15.5886,6.29028,14.7586,1,1
297,6.2886,-26.9673,-7.0973,4.94214,-29.5241,-9.8631,1,1
298,4.7492,-1.10941,-31.0479,2.94136,1.62045,-33.3456,2,2
299,-1.18076,14.9241,28.4571,-4.68786,16.4786,29.5901,1,1
300,4.06723,30.2236,-21.4705,3.49962,34.112,-20.7237,2,2
301,7.34101,-1.59682,-23.4129,10.0497,-0.748432,-26.2312,1,1
302,-19.3252,-13.6878,13.8932,-22.8138,-14.0393,15.8182,1,1
303,19.8751,-0.270422,-13.5198,22.9195,-2.3255,-15.1037,1,1
304,-26.1666,0.679383,-3.81655,-27.033,-2.59226,-5.94861,1,1
305,6.81549,-28.677,5.61266,6.96148,-30.7801,9.01203,1,1
306,-6.84786,27.0419,-10.1459,-8.69744,29.9005,-12.2454,1,1
307,13.5925,-11.3678,-24.0494,16.1857,-12.7738,-26.751,2,2
308,2.30181,24.0249,16.3401,2.50647,27.9777,16.9174,1,1
309,-3.9063,2.3957,29.6186,-5.77575,4.18988,32.6659,1,1
310,16.3527,9.182,-22.8317,20.021,10.6938,-22.3242,1,1
311,16.2572,-68.2039,-3.20383,19.608,-66.7543,-4.83817,1,1
312,-12.5576,-15.2353,-23.761,-14.6049,-16.6111,-26.91,1,1
313,-16.6591,-4.65778,26.6117,-19.4264,-3.73671,29.3491,1,1
314,-11.8503,14.8834,-24.608,-13.1537,14.7789,-28.3882,2,1
315,-69.677,18.2749,-13.0347,-68.6571,21.6848,-14.8603,2,1
316,-5.02257,-73.5501,21.7689,-6.81638,-73.0363,25.307,1,1
317,-17.2358,-25.9205,-2.092,-19.5263,-29.1721,-1.66657,2,2
318,-22.607,0.206713,-14.7124,-25.1995,3.12466,-15.5869,1,1
319,21.9629,-10.2708,19.117,25.2248,-9.82273,21.3883,2,2
320,13.3782,34.9727,-3.3309,15.1844,38.3822,-2.27582,1,1
321,-59.5756,-3.30846,7.82852,-56.1091,-3.5928,9.80402,1,1
322,-12.0866,-28.8002,15.7108,-11.821,-32.7905,15.7935,2,1
323,33.3512,11.6084,-11.299,36.8361,13.431,-12.0295,2,2
324,-20.2963,-69.8765,-12.5828,-19.7699,-68.3855,-16.257,1,1
325,-27.326,12.1851,15.2573,-30.2463,13.2341,17.7814,2,2
326,-74.7478,-25.3296,11.9567,-71.7852,-27.2396,13.8474,1,1
327,20.8494,-22.8525,-8.66966,24.7995,-22.279,-8.4105,1,1
328,-17.8374,36.3215,-0.712521,-19.0576,40.0866,-0.133684,2,2
329,0.518081,-5.6246,-39.2218,0.513144,-5.62001,-43.2218,3,3
330,5.869,13.7542,37.9311,6.32112,14.7003,41.7912,2,2
331,-74.2342,27.0382,19.2861,-71.5361,29.3766,21.0895,1,1
332,-1.7934,-7.01484,41.1476,-2.3159,-7.06418,45.113,3,3
333,6.36577,26.8452,-35.9187,6.23783,27.1914,-39.9016,2,2
334,-64.0717,-6.1328,-27.0524,-62.3795,-8.13505,-30.0735,2,2
335,14.1929,-59.5315,17.2107,15.5721,-57.7693,20.5262,2,2
336,15.2199,-12.5458,13.6806,14.043,-15.5792,16.0073,1,1
337,-7.79576,-21.3002,12.648,-9.47953,-22.7406,9.31775,1,1
338,4.06723,30.2236,-21.4705,5.1718,30.6655,-17.6515,2,1
339,19.8751,-0.270422,-13.5198,17.7947,-3.66764,-13.158,1,1
340,-11.8503,14.8834,-24.608,-9.5041,11.8654,-25.7856,2,1
341,-69.677,18.2749,-13.0347,-69.0404,19.1402,-9.18169,2,1
342,21.9629,-10.2708,19.117,20.3851,-8.96507,22.5528,2,1
343,-12.0866,-28.8002,15.7108,-8.71988,-28.6355,13.5573,2,1
344,33.3512,11.6084,-11.299,32.0446,13.9626,-14.2572,2,1
345,-74.7478,-25.3296,11.9567,-77.2681,-27.3461,14.3193,1,1
346,20.8494,-22.8525,-8.66966,20.64,-19.1739,-7.11254,1,1
347,-17.8374,36.3215,-0.712521,-21.4034,34.5555,-0.306545,2,1
348,0.518081,-5.6246,-39.2218,-2.40805,-8.2865,-39.8152,3,2
349,-74.2342,27.0382,19.2861,-73.3865,23.7829,21.4505,1,1
350,-1.7934,-7.01484,41.1476,-5.55891,-6.10849,40.1478,3,1
351,-11.5185,15.3239,-19.5385,-14.5735,15.9405,-17.0312,1,1
352,-18.2175,-3.60259,-14.2223,-16.9661,-4.65631,-10.5722,1,1
353,31.721,7.28872,-8.84614,33.7821,4.27883,-7.20524,1,1
354,-24.9582,13.7463,10.4463,-25.0331,17.0907,8.25326,1,1
355,16.9133,-26.9671,-9.02039,16.9376,-30.871,-9.89155,1,1
356,4.68486,9.50167,35.3562,6.1922,7.69979,38.5937,1,1
357,18.3295,-14.3207,11.8972,21.4801,-15.0672,9.54846,1,1
358,-20.5163,-73.4026,-1.94998,-23.3703,-72.37,0.655511,1,1
359,11.8101,-20.2871,-11.6468,12.4753,-20.0857,-15.586,1,1
360,-20.7838,26.4829,-4.42796,-23.9193,25.7055,-6.78681,1,1
361,13.1525,12.709,28.5404,15.7484,15.4109,29.9409,1,1
362,5.29892,-4.52223,33.9958,8.78016,-4.63476,35.9626,1,1
363,13.7361,26.3397,-29.095,17.2258,27.2876,-30.8048,1,1
364,7.16763,-56.4781,8.59424,5.72547,-53.0504,7.12074,1,1
365,4.94214,-29.5241,-9.8631,3.75274,-32.3061,-12.4796,1,1
366,2.94136,1.62045,-33.3456,2.53685,4.05182,-36.496,2,2
367,-4.68786,16.4786,29.5901,-6.21615,19.0171,32.2771,1,1
368,3.49962,34.112,-20.7237,2.87994,38.0049,-21.403,2,2
369,10.0497,-0.748432,-26.2312,12.7584,0.0999522,-29.0496,1,1
370,-22.8138,-14.0393,15.8182,-26.3025,-14.3907,17.7432,1,1
371,22.9195,-2.3255,-15.1037,26.0598,-4.5694,-16.1541,1,1
372,-27.033,-2.59226,-5.94861,-28.5213,-5.99805,-4.47024,1,1
373,6.96148,-30.7801,9.01203,7.10746,-32.8832,12.4114,1,1
374,16.1857,-12.7738,-26.751,18.1208,-14.4542,-29.8221,2,2
375,2.50647,27.9777,16.9174,3.19267,31.7896,17.9169,1,1
376,-5.77575,4.18988,32.6659,-7.11345,5.55231,36.1807,1,1
377,19.608,-66.7543,-4.83817,22.828,-65.0848,-6.52455,1,1
378,-14.6049,-16.6111,-26.91,-16.6523,-17.3921,-30.2563,1,1
379,-19.4264,-3.73671,29.3491,-22.1266,-3.13804,32.2389,1,1
380,-13.1537,14.7789,-28.3882,-14.9103,16.0558,-31.7474,1,1
381,-68.6571,21.6848,-14.8603,-67.9645,25.0119,-16.9698,1,1
382,-6.81638,-73.0363,25.307,-8.4554,-72.5663,28.9254,1,1
383,-19.5263,-29.1721,-1.66657,-21.5779,-32.5446,-1.02076,2,1
384,-25.1995,3.12466,-15.5869,-26.348,6.66643,-17.0487,1,1
385,25.2248,-9.82273,21.3883,28.4261,-9.48111,23.7621,2,2
386,15.1844,38.3822,-2.27582,16.9873,41.7723,-1.15499,1,1
387,-56.1091,-3.5928,9.80402,-52.7778,-1.51453,10.5678,1,1
388,-11.821,-32.7905,15.7935,-12.5715,-36.6614,16.4666,1,1
389,36.8361,13.431,-12.0295,40.4177,15.1255,-12.5777,2,2
390,-19.7699,-68.3855,-16.257,-19.1945,-66.8546,-19.9073,1,1
391,-30.2463,13.2341,17.7814,-33.0227,14.3156,20.4502,2,1
392,-71.7852,-27.2396,13.8474,-68.0643,-28.0926,15.0421,1,1
393,24.7995,-22.279,-8.4105,28.697,-23.1774,-8.35649,1,1
394,-19.0576,40.0866,-0.133684,-20.445,43.7609,0.624522,2,2
395,0.513144,-5.62001,-43.2218,0.384649,-5.62787,-47.2198,3,2
396,6.32112,14.7003,41.7912,6.9927,14.6707,45.7343,2,2
397,-71.5361,29.3766,21.0895,-68.9651,31.8151,22.9452,1,1
398,-2.3159,-7.06418,45.113,-2.63302,-7.28488,49.0943,3,3
399,6.23783,27.1914,-39.9016,6.42098,27.4496,-43.8891,2,2
400,-62.3795,-8.13505,-30.0735,-60.6926,-10.1909,-33.0615,2,2
401,15.5721,-57.7693,20.5262,16.7714,-55.8987,23.8522,2,1
402,15.2199,-12.5458,13.6806,16.1011,-8.88417,12.3331,1,1
403,19.8751,-0.270422,-13.5198,22.455,2.34229,-15.1066,1,1
404,-17.8374,36.3215,-0.712521,-14.2268,38.0292,-0.929287,2,1
405,0.518081,-5.6246,-39.2218,0.288354,-1.63524,-39.4014,3,1
406,4.94214,-29.5241,-9.8631,4.29188,-26.7704,-12.6905,1,1
407,-5.77575,4.18988,32.6659,-8.58776,7.0122,32.3094,1,1
408,19.608,-66.7543,-4.83817,17.8798,-63.2527,-5.70539,1,1
409,-14.6049,-16.6111,-26.91,-14.9585,-13.09,-28.7746,1,1
410,-19.5263,-29.1721,-1.66657,-18.7131,-28.0929,2.09827,2,1
411,25.2248,-9.82273,21.3883,26.3194,-6.72107,19.1119,2,1
412,15.1844,38.3822,-2.27582,18.4169,38.2771,-4.62953,1,1
413,-19.7699,-68.3855,-16.257,-21.7572,-71.3626,-18.0422,1,1
414,-30.2463,13.2341,17.7814,-32.9247,11.5908,15.3065,2,1
415,-71.7852,-27.2396,13.8474,-71.5028,-24.0657,16.2655,1,1
416,-19.0576,40.0866,-0.133684,-15.4367,41.7831,-0.236174,2,1
417,0.513144,-5.62001,-43.2218,2.57237,-8.97624,-43.9256,3,1
418,-2.3159,-7.06418,45.113,-2.41004,-3.08326,44.7343,3,1
419,6.23783,27.1914,-39.9016,2.41782,26.246,-40.6184,2,1
420,-62.3795,-8.13505,-30.0735,-60.8619,-4.90619,-31.8823,2,1
421,15.5721,-57.7693,20.5262,11.831,-56.3629,20.3621,2,1
422,14.043,-15.5792,16.0073,12.8661,-18.6125,18.334,1,1
423,-9.5041,11.8654,-25.7856,-6.61707,11.1001,-28.4463,1,1
424,-69.0404,19.1402,-9.18169,-68.4039,20.0055,-5.32863,1,1
425,32.0446,13.9626,-14.2572,30.7379,16.3167,-17.2154,1,1
426,-77.2681,-27.3461,14.3193,-79.7883,-29.3627,16.682,1,1
427,20.64,-19.1739,-7.11254,20.4403,-15.5231,-5.49033,1,1
428,-21.4034,34.5555,-0.306545,-25.2708,35.5675,-0.445968,1,1
429,-2.40805,-8.2865,-39.8152,-3.62447,-11.7689,-41.3621,2,2
430,-73.3865,23.7829,21.4505,-72.5387,20.5276,23.6148,1,1
431,-5.55891,-6.10849,40.1478,-9.2261,-7.01525,41.4629,1,1
432,-14.5735,15.9405,-17.0312,-17.3857,18.513,-18.2451,1,1
433,33.7821,4.27883,-7.20524,37.1352,3.27109,-5.27091,1,1
434,-25.0331,17.0907,8.25326,-25.5778,20.1191,5.69755,1,1
435,16.9376,-30.871,-9.89155,16.962,-34.7749,-10.7627,1,1
436,6.1922,7.69979,38.5937,7.69953,5.89792,41.8312,1,1
437,21.4801,-15.0672,9.54846,25.3397,-15.2885,8.52176,1,1
438,-23.3703,-72.37,0.655511,-26.0121,-71.1648,3.40656,1,1
439,-23.9193,25.7055,-6.78681,-26.0405,26.3906,-10.1081,1,1
440,15.7484,15.4109,29.9409,18.3442,18.1129,31.3413,1,1
441,8.78016,-4.63476,35.9626,12.037,-4.89703,38.2701,1,1
442,17.2258,27.2876,-30.8048,19.4465,29.2857,-33.4649,1,1
443,3.75274,-32.3061,-12.4796,2.88683,-35.7637,-10.6644,1,1
444,2.53685,4.05182,-36.496,2.89792,6.02473,-39.9568,2,2
445,-6.21615,19.0171,32.2771,-7.66245,21.2498,35.2643,1,1
446,2.87994,38.0049,-21.403,2.64791,41.8945,-22.307,2,2
447,-26.3025,-14.3907,17.7432,-29.7912,-14.7422,19.6682,1,1
448,26.0598,-4.5694,-16.1541,29.5955,-4.87899,-17.9987,1,1
449,-28.5213,-5.99805,-4.47024,-30.0096,-9.40385,-2.99186,1,1
450,7.10746,-32.8832,12.4114,7.25345,-34.9863,15.8108,1,1
451,18.1208,-14.4542,-29.8221,20.1236,-16.1778,-32.8252,2,2
452,3.19267,31.7896,17.9169,3.78543,35.6971,18.5335,1,1
453,-7.11345,5.55231,36.1807,-7.271,5.88507,40.1638,1,1
454,22.828,-65.0848,-6.52455,26.7371,-64.6258,-7.2379,1,1
455,-16.6523,-17.3921,-30.2563,-18.5573,-20.0696,-32.5371,1,1
456,-22.1266,-3.13804,32.2389,-24.967,-2.72445,35.0247,1,1
457,-14.9103,16.0558,-31.7474,-16.7775,17.0162,-35.1519,1,1
458,-67.9645,25.0119,-16.9698,-67.2339,28.3152,-19.1041,1,1
459,-8.4554,-72.5663,28.9254,-10.3848,-71.2187,32.1597,1,1
460,-21.5779,-32.5446,-1.02076,-23.3766,-35.9844,-0.0552702,1,1
461,-26.348,6.66643,-17.0487,-22.506,6.3694,-18.1217,1,1
462,28.4261,-9.48111,23.7621,31.051,-9.31853,26.776,2,2
463,16.9873,41.7723,-1.15499,17.9855,45.2134,0.623426,1,1
464,-52.7778,-1.51453,10.5678,-52.112,-2.50618,14.3853,1,1
465,-12.5715,-36.6614,16.4666,-13.1796,-40.5872,16.9342,1,1
466,40.4177,15.1255,-12.5777,43.6676,17.3429,-13.2997,2,2
467,-19.1945,-66.8546,-19.9073,-17.9874,-64.4632,-22.8779,1,1
468,-33.0227,14.3156,20.4502,-34.787,15.8919,23.6755,1,1
469,-68.0643,-28.0926,15.0421,-64.44,-29.6666,15.6643,1,1
470,28.697,-23.1774,-8.35649,32.61,-23.9218,-8.72263,1,1
471,-20.445,43.7609,0.624522,-21.8301,47.3289,1.78669,2,2
472,0.384649,-5.62787,-47.2198,0.152454,-5.30851,-51.2002,2,2
473,6.9927,14.6707,45.7343,8.51229,14.1978,49.4041,2,2
474,-68.9651,31.8151,22.9452,-66.4588,33.8646,25.2943,1,1
475,-2.63302,-7.28488,49.0943,-2.71631,-7.1606,53.0915,3,3
476,6.42098,27.4496,-43.8891,6.86559,27.3206,-47.8622,2,2
477,-60.6926,-10.1909,-33.0615,-59.4203,-13.0108,-35.5971,2,2
478,16.7714,-55.8987,23.8522,17.8167,-54.2174,27.3279,1,1
479,-19.5263,-29.1721,-1.66657,-20.3886,-29.5793,-5.55123,2,1
480,21.4801,-15.0672,9.54846,20.5201,-18.5773,7.88783,1,1
481,3.19267,31.7896,17.9169,2.62872,33.4287,14.3121,1,1
482,-22.1266,-3.13804,32.2389,-24.6301,-6.14963,31.425,1,1
483,-21.5779,-32.5446,-1.02076,-17.9703,-33.4644,0.441941,1,1
484,-26.348,6.66643,-17.0487,-29.9652,8.35116,-17.3264,1,1
485,28.4261,-9.48111,23.7621,30.2277,-12.8638,22.6168,2,1
486,-52.7778,-1.51453,10.5678,-51.5014,0.781543,7.55136,1,1
487,-12.5715,-36.6614,16.4666,-13.6329,-35.9428,20.2557,1,1
488,-33.0227,14.3156,20.4502,-31.3499,17.9484,20.3855,1,1
489,0.384649,-5.62787,-47.2198,-1.80581,-2.44889,-46.1729,2,1
490,-2.63302,-7.28488,49.0943,-0.255897,-10.5009,49.173,3,1
491,-14.2268,38.0292,-0.929287,-10.6162,39.737,-1.14605,1,1
492,4.29188,-26.7704,-12.6905,3.64162,-24.0167,-15.5179,1,1
493,-14.9585,-13.09,-28.7746,-17.2212,-9.86937,-28.0622,1,1
494,26.3194,-6.72107,19.1119,26.7777,-2.75821,18.8193,1,1
495,18.4169,38.2771,-4.62953,21.9712,36.7323,-3.6392,1,1
496,-21.7572,-71.3626,-18.0422,-23.7446,-74.3397,-19.8275,1,1
497,-32.9247,11.5908,15.3065,-36.163,9.75329,13.8444,1,1
498,-71.5028,-24.0657,16.2655,-71.2204,-20.8919,18.6836,1,1
499,-15.4367,41.7831,-0.236174,-12.4517,44.2986,0.636988,1,1
500,2.57237,-8.97624,-43.9256,6.25316,-7.69579,-44.8268,1,1
501,-2.41004,-3.08326,44.7343,-3.16139,0.741169,45.6339,1,1
502,2.41782,26.246,-40.6184,-0.942514,24.327,-41.6311,1,1
503,-60.8619,-4.90619,-31.8823,-58.1497,-2.82202,-33.9559,1,1
504,11.831,-56.3629,20.3621,12.2527,-52.8052,22.141,1,1
505,-25.2708,35.5675,-0.445968,-28.8426,37.2449,0.20874,1,1
506,-3.62447,-11.7689,-41.3621,-3.94258,-14.7567,-44.0026,2,2
507,-72.5387,20.5276,23.6148,-71.6726,18.6047,27.0137,1,1
508,-9.2261,-7.01525,41.4629,-10.5997,-10.6455,42.4296,1,1
509,37.1352,3.27109,-5.27091,41.0065,4.10935,-4.71436,1,1
510,7.69953,5.89792,41.8312,9.82244,4.67966,44.9949,1,1
511,25.3397,-15.2885,8.52176,28.8298,-13.3346,8.56491,1,1
512,-26.0121,-71.1648,3.40656,-28.1554,-67.7885,3.48856,1,1
513,-26.0405,26.3906,-10.1081,-28.0593,27.0453,-13.4987,1,1
514,18.3442,18.1129,31.3413,20.9398,20.815,32.7416,1,1
515,12.037,-4.89703,38.2701,15.5055,-5.48049,40.175,1,1
516,19.4465,29.2857,-33.4649,22.1198,31.0128,-35.8879,1,1
517,2.88683,-35.7637,-10.6644,2.02092,-39.2213,-8.84915,1,1
518,2.89792,6.02473,-39.9568,3.66957,7.81355,-43.4503,2,2
519,-7.66245,21.2498,35.2643,-8.95156,23.4185,38.3684,1,1
520,2.64791,41.8945,-22.307,1.84235,45.6194,-23.5221,2,2
521,29.5955,-4.87899,-17.9987,33.0923,-5.14679,-19.9224,1,1
522,20.1236,-16.1778,-32.8252,22.0614,-17.9989,-35.8132,2,2
523,3.78543,35.6971,18.5335,4.65204,38.5849,21.1621,1,1
524,-7.271,5.88507,40.1638,-8.91046,6.11243,43.8053,1,1
525,26.7371,-64.6258,-7.2379,30.6477,-64.1816,-7.95158,1,1
526,-18.5573,-20.0696,-32.5371,-20.5134,-22.8181,-34.6864,1,1
527,-24.967,-2.72445,35.0247,-27.3188,-2.15253,38.2094,1,1
528,-16.7775,17.0162,-35.1519,-19.2413,18.0329,-38.1345,1,1
529,-67.2339,28.3152,-19.1041,-66.1752,31.6491,-21.0442,1,1
530,-10.3848,-71.2187,32.1597,-12.2985,-69.8864,35.4098,1,1
531,-23.3766,-35.9844,-0.0552702,-27.0438,-37.5813,-0.0998962,1,1
532,31.051,-9.31853,26.776,33.8,-9.03611,29.668,2,2
533,17.9855,45.2134,0.623426,17.6818,48.3026,3.14621,1,1
534,-52.112,-2.50618,14.3853,-51.4462,-3.49782,18.2028,1,1
535,-13.1796,-40.5872,16.9342,-12.7761,-43.4323,14.1517,1,1
536,43.6676,17.3429,-13.2997,46.5448,19.916,-14.349,2,2
537,-17.9874,-64.4632,-22.8779,-16.7109,-62.1014,-25.8431,1,1
538,-34.787,15.8919,23.6755,-35.9091,17.1745,27.2942,1,1
539,-64.44,-29.6666,15.6643,-60.7782,-31.1344,16.3251,1,1
540,32.61,-23.9218,-8.72263,36.5331,-24.6419,-9.02413,1,1
541,-21.8301,47.3289,1.78669,-23.1175,50.725,3.46263,2,2
542,0.152454,-5.30851,-51.2002,-0.0980914,-5.09318,-55.1866,2,2
543,8.51229,14.1978,49.4041,10.6459,13.6474,52.7425,2,2
544,-66.4588,33.8646,25.2943,-63.8528,36.5431,26.7205,1,1
545,-2.71631,-7.1606,53.0915,-2.86685,-6.7455,57.0671,3,2
546,6.86559,27.3206,-47.8622,7.01944,26.7662,-51.8206,2,2
547,-59.4203,-13.0108,-35.5971,-58.8326,-16.3095,-37.782,2,2
548,17.8167,-54.2174,27.3279,19.4249,-53.3457,30.8851,1,1
549,-22.1266,-3.13804,32.2389,-20.6813,0.591737,32.2377,1,1
550,-26.348,6.66643,-17.0487,-27.1057,7.10195,-13.1454,1,1
551,-26.0121,-71.1648,3.40656,-29.3608,-73.3369,3.14705,1,1
552,2.89792,6.02473,-39.9568,-0.527471,8.05124,-39.5568,2,1
553,2.64791,41.8945,-22.307,-0.200212,41.2736,-19.5679,2,1
554,20.1236,-16.1778,-32.8252,22.7042,-13.2675,-31.8921,2,1
555,-23.3766,-35.9844,-0.0552702,-24.2517,-35.807,3.84381,1,1
556,17.9855,45.2134,0.623426,18.8989,43.1949,3.95382,1,1
557,-34.787,15.8919,23.6755,-37.4859,18.3562,22.0498,1,1
558,0.152454,-5.30851,-51.2002,-1.87272,-8.7053,-50.5998,2,1
559,8.51229,14.1978,49.4041,4.85959,13.6849,50.9516,2,1
560,-2.71631,-7.1606,53.0915,0.711311,-5.11281,53.3323,3,1
561,-29.9652,8.35116,-17.3264,-32.0467,9.13344,-20.6513,1,1
562,30.2277,-12.8638,22.6168,32.0292,-16.2465,21.4714,1,1
563,-51.5014,0.781543,7.55136,-52.1616,4.64697,8.34037,1,1
564,-13.6329,-35.9428,20.2557,-12.5354,-36.3093,24.0846,1,1
565,-31.3499,17.9484,20.3855,-29.6771,21.5812,20.3208,1,1
566,-1.80581,-2.44889,-46.1729,-3.96494,-0.0655186,-48.5515,1,1
567,-0.255897,-10.5009,49.173,2.42567,-13.4307,49.6482,1,1
568,-10.6162,39.737,-1.14605,-7.00557,41.4448,-1.36282,1,1
569,26.7777,-2.75821,18.8193,27.0876,0.774643,20.6694,1,1
570,21.9712,36.7323,-3.6392,24.5298,35.6455,-0.762986,1,1
571,-23.7446,-74.3397,-19.8275,-25.732,-77.3168,-21.6127,1,1
572,-36.163,9.75329,13.8444,-38.4195,12.2217,11.6501,1,1
573,-71.2204,-20.8919,18.6836,-70.9379,-17.7181,21.1017,1,1
574,-12.4517,44.2986,0.636988,-9.42407,46.7791,1.46188,1,1
575,6.25316,-7.69579,-44.8268,9.74162,-7.20418,-46.7213,1,1
576,-3.16139,0.741169,45.6339,-7.10718,0.591422,44.9948,1,1
577,-0.942514,24.327,-41.6311,-4.34613,22.4754,-42.6245,1,1
578,-58.1497,-2.82202,-33.9559,-55.608,-1.25007,-36.6146,1,1
579,-28.8426,37.2449,0.20874,-32.2857,39.0865,1.07691,1,1
580,-3.94258,-14.7567,-44.0026,-4.21765,-18.2104,-46.0016,2,2
581,-71.6726,18.6047,27.0137,-70.989,18.5732,30.9547,1,1
582,-10.5997,-10.6455,42.4296,-11.8098,-14.3453,43.35,1,1
583,41.0065,4.10935,-4.71436,44.7964,5.09704,-3.90119,1,1
584,9.82244,4.67966,44.9949,12.6031,4.75772,47.8692,1,1
585,28.8298,-13.3346,8.56491,32.3008,-11.3722,8.88225,1,1
586,-28.1554,-67.7885,3.48856,-30.2987,-64.4122,3.57056,1,1
587,-28.0593,27.0453,-13.4987,-31.3494,26.7855,-15.7587,1,1
588,20.9398,20.815,32.7416,24.1203,23.0068,33.7813,1,1
589,15.5055,-5.48049,40.175,19.0473,-5.94373,41.9754,1,1
590,22.1198,31.0128,-35.8879,24.7083,32.797,-38.3609,1,1
591,3.66957,7.81355,-43.4503,7.02982,9.13395,-45.1723,2,1
592,-8.95156,23.4185,38.3684,-10.2712,25.654,41.4115,1,1
593,1.84235,45.6194,-23.5221,1.33636,49.4047,-24.7119,2,2
594,33.0923,-5.14679,-19.9224,36.4366,-5.22401,-22.1155,1,1
595,22.0614,-17.9989,-35.8132,22.5805,-20.7105,-38.7076,2,2
596,4.65204,38.5849,21.1621,4.39751,42.0775,23.0952,1,1
597,-8.91046,6.11243,43.8053,-11.726,7.95891,45.9647,1,1
598,30.6477,-64.1816,-7.95158,34.5669,-63.7701,-8.63757,1,1
599,-20.5134,-22.8181,-34.6864,-23.5973,-24.8409,-36.2348,1,1
600,-27.3188,-2.15253,38.2094,-29.8037,-1.5167,41.2787,1,1
601,-19.2413,18.0329,-38.1345,-21.7765,19.1417,-41.023,1,1
602,-66.1752,31.6491,-21.0442,-65.0362,34.9102,-23.0611,1,1
603,-12.2985,-69.8864,35.4098,-14.1902,-68.5746,38.681,1,1
604,-27.0438,-37.5813,-0.0998962,-29.6975,-40.536,-0.577063,1,1
605,33.8,-9.03611,29.668,36.6339,-9.15766,32.4883,2,2
606,17.6818,48.3026,3.14621,15.8546,50.341,6.06271,1,1
607,-51.4462,-3.49782,18.2028,-50.7804,-4.48946,22.0203,1,1
608,-12.7761,-43.4323,14.1517,-16.4195,-44.5551,12.9415,1,1
609,46.5448,19.916,-14.349,48.6443,22.6644,-16.3587,2,2
610,-16.7109,-62.1014,-25.8431,-15.3191,-59.8406,-28.835,1,1
611,-35.9091,17.1745,27.2942,-36.1405,17.6204,31.2626,1,1
612,-60.7782,-31.1344,16.3251,-57.0497,-32.4611,16.9065,1,1
613,36.5331,-24.6419,-9.02413,40.3946,-25.4729,-8.39334,1,1
614,-23.1175,50.725,3.46263,-24.9672,53.4596,5.72116,2,2
615,-0.0980914,-5.09318,-55.1866,-0.166513,-4.71821,-59.1684,2,2
616,10.6459,13.6474,52.7425,12.7588,13.4021,56.13,2,2
617,-63.8528,36.5431,26.7205,-61.4067,39.4274,28.0234,1,1
618,-2.86685,-6.7455,57.0671,-3.54625,-6.50203,61.0014,2,2
619,7.01944,26.7662,-51.8206,6.86929,26.5627,-55.8126,2,2
620,-58.8326,-16.3095,-37.782,-58.4319,-20.0106,-39.2451,2,2
621,19.4249,-53.3457,30.8851,21.0234,-52.4599,34.4432,1,1
622,-26.0121,-71.1648,3.40656,-22.7935,-70.9831,5.77467,1,1
623,17.9855,45.2134,0.623426,19.7717,47.0007,-2.4774,1,1
624,-51.5014,0.781543,7.55136,-50.0431,-1.84037,4.90578,1,1
625,26.7777,-2.75821,18.8193,28.0848,-0.595197,15.7188,1,1
626,-36.163,9.75329,13.8444,-35.9207,6.65594,16.3639,1,1
627,-3.16139,0.741169,45.6339,-2.86779,1.3568,41.6925,1,1
628,41.0065,4.10935,-4.71436,42.8564,4.84577,-8.18363,1,1
629,-28.0593,27.0453,-13.4987,-26.0314,30.4905,-13.3641,1,1
630,3.66957,7.81355,-43.4503,2.58765,11.6613,-43.6061,2,1
631,33.0923,-5.14679,-19.9224,35.3011,-7.18945,-17.2864,1,1
632,-8.91046,6.11243,43.8053,-12.3631,5.14844,42.0305,1,1
633,-12.7761,-43.4323,14.1517,-9.14371,-43.424,12.4766,1,1
634,46.5448,19.916,-14.349,45.2602,22.9782,-12.1192,2,1
635,-16.7109,-62.1014,-25.8431,-15.8389,-59.5049,-22.9281,1,1
636,-60.7782,-31.1344,16.3251,-61.103,-30.8774,20.3036,1,1
637,-2.86685,-6.7455,57.0671,-6.55089,-8.29048,56.8649,2,1
638,-20.6813,0.591737,32.2377,-19.2361,4.32152,32.2366,1,1
639,-29.3608,-73.3369,3.14705,-32.7096,-75.5091,2.88753,1,1
640,22.7042,-13.2675,-31.8921,20.6467,-10.652,-34.1115,1,1
641,-24.2517,-35.807,3.84381,-25.1267,-35.6296,7.74289,1,1
642,18.8989,43.1949,3.95382,18.6135,43.0022,7.93897,1,1
643,-37.4859,18.3562,22.0498,-40.1849,20.8205,20.4242,1,1
644,4.85959,13.6849,50.9516,1.20689,13.172,52.4991,1,1
645,0.711311,-5.11281,53.3323,2.55619,-2.33989,55.5475,1,1
646,-32.0467,9.13344,-20.6513,-29.4014,8.27879,-23.5274,1,1
647,32.0292,-16.2465,21.4714,33.8307,-19.6292,20.3261,1,1
648,-52.1616,4.64697,8.34037,-52.8218,8.51241,9.12938,1,1
649,-12.5354,-36.3093,24.0846,-11.1565,-36.8227,27.8042,1,1
650,-3.96494,-0.0655186,-48.5515,-6.19527,2.9707,-49.8957,1,1
651,2.42567,-13.4307,49.6482,5.36734,-16.1342,49.8418,1,1
652,27.0876,0.774643,20.6694,26.972,1.09173,24.6551,1,1
653,24.5298,35.6455,-0.762986,28.1839,34.0491,-0.448969,1,1
654,-25.732,-77.3168,-21.6127,-27.7194,-80.2939,-23.398,1,1
655,-38.4195,12.2217,11.6501,-40.676,14.69,9.45571,1,1
656,-70.9379,-17.7181,21.1017,-70.6555,-14.5443,23.5198,1,1
657,-9.42407,46.7791,1.46188,-7.43221,50.2249,1.06258,1,1
658,9.74162,-7.20418,-46.7213,13.334,-6.44551,-48.3085,1,1
659,-4.34613,22.4754,-42.6245,-5.63648,18.946,-43.9951,1,1
660,-55.608,-1.25007,-36.6146,-53.3192,-0.0210081,-39.6562,1,1
661,-32.2857,39.0865,1.07691,-35.9815,40.6096,0.932086,1,1
662,-4.21765,-18.2104,-46.0016,-4.69698,-21.1263,-48.6976,2,1
663,-70.989,18.5732,30.9547,-70.3053,18.5417,34.8957,1,1
664,-11.8098,-14.3453,43.35,-13.8547,-17.5854,44.4989,1,1
665,44.7964,5.09704,-3.90119,48.2276,5.89299,-2.00551,1,1
666,12.6031,4.75772,47.8692,15.2681,3.06092,50.3225,1,1
667,32.3008,-11.3722,8.88225,30.294,-9.07352,6.29597,1,1
668,-30.2987,-64.4122,3.57056,-32.4421,-61.0359,3.65257,1,1
669,-31.3494,26.7855,-15.7587,-33.3743,23.5219,-16.876,1,1
670,24.1203,23.0068,33.7813,27.2913,25.2088,34.828,1,1
671,19.0473,-5.94373,41.9754,22.673,-4.31023,41.5438,1,1
672,24.7083,32.797,-38.3609,27.2962,34.5839,-40.8328,1,1
673,7.02982,9.13395,-45.1723,10.0351,9.48922,-47.788,1,1
674,-10.2712,25.654,41.4115,-11.4924,27.9025,44.4862,1,1
675,1.33636,49.4047,-24.7119,0.810562,53.1906,-25.891,2,2
676,36.4366,-5.22401,-22.1155,37.2024,-3.61168,-25.6952,1,1
677,22.5805,-20.7105,-38.7076,23.0468,-23.4063,-41.6257,2,1
678,4.39751,42.0775,23.0952,4.1096,45.551,25.0579,1,1
679,-11.726,7.95891,45.9647,-12.1102,10.3634,49.1382,1,1
680,34.5669,-63.7701,-8.63757,38.5087,-63.4318,-9.22776,1,1
681,-23.5973,-24.8409,-36.2348,-26.2535,-27.5179,-37.5683,1,1
682,-29.8037,-1.5167,41.2787,-32.3948,-0.831569,44.2481,1,1
683,-21.7765,19.1417,-41.023,-24.8069,20.6619,-43.1458,1,1
684,-65.0362,34.9102,-23.0611,-63.7569,37.9905,-25.2691,1,1
685,-14.1902,-68.5746,38.681,-16.0512,-67.2892,41.9801,1,1
686,-29.6975,-40.536,-0.577063,-32.0356,-41.9713,-3.48793,1,1
687,36.6339,-9.15766,32.4883,39.7171,-9.74382,34.9682,2,2
688,15.8546,50.341,6.06271,14.6412,54.0116,7.08945,1,1
689,-50.7804,-4.48946,22.0203,-50.1146,-5.4811,25.8378,1,1
690,-16.4195,-44.5551,12.9415,-20.3286,-44.6189,12.096,1,1
691,48.6443,22.6644,-16.3587,50.8077,25.0458,-18.7352,2,2
692,-15.3191,-59.8406,-28.835,-12.8186,-59.9116,-31.9564,1,1
693,-36.1405,17.6204,31.2626,-36.354,18.0485,35.2339,1,1
694,-57.0497,-32.4611,16.9065,-53.6188,-33.6277,15.213,1,1
695,40.3946,-25.4729,-8.39334,44.2266,-26.2926,-7.59072,1,1
696,-24.9672,53.4596,5.72116,-27.1624,55.6024,8.28819,2,2
697,-0.166513,-4.71821,-59.1684,-0.22988,-4.09237,-63.1186,2,2
698,12.7588,13.4021,56.13,14.7114,13.6367,59.6132,2,2
699,-61.4067,39.4274,28.0234,-58.9148,40.1828,31.0599,1,1
700,-3.54625,-6.50203,61.0014,-4.22217,-6.03419,64.916,2,2
701,6.86929,26.5627,-55.8126,6.15302,26.9618,-59.7277,2,2
702,-58.4319,-20.0106,-39.2451,-58.418,-23.915,-40.1144,2,1
703,21.0234,-52.4599,34.4432,22.6619,-51.5688,37.9817,1,1
704,-28.0593,27.0453,-13.4987,-25.7644,23.9097,-14.448,1,1
705,22.7042,-13.2675,-31.8921,26.0525,-14.0899,-29.8642,1,1
706,-32.0467,9.13344,-20.6513,-35.4087,10.255,-18.797,1,1
707,-3.96494,-0.0655186,-48.5515,-1.65074,1.87956,-51.1709,1,1
708,-55.608,-1.25007,-36.6146,-52.5312,-2.96035,-34.7151,1,1
709,-4.21765,-18.2104,-46.0016,-5.24993,-16.1665,-49.2814,2,1
710,32.3008,-11.3722,8.88225,35.0132,-14.2814,9.30596,1,1
711,19.0473,-5.94373,41.9754,20.6392,-8.82711,39.7056,1,1
712,24.7083,32.797,-38.3609,21.846,34.8921,-40.2097,1,1
713,22.5805,-20.7105,-38.7076,20.0189,-23.4525,-37.3221,2,1
714,-23.5973,-24.8409,-36.2348,-22.3837,-28.4082,-34.8926,1,1
715,-29.8037,-1.5167,41.2787,-32.4714,0.0258993,38.7284,1,1
716,-21.7765,19.1417,-41.023,-22.8735,21.9565,-38.4013,1,1
717,-57.0497,-32.4611,16.9065,-55.5915,-28.8997,17.9973,1,1
718,-0.166513,-4.71821,-59.1684,3.75662,-3.95199,-59.0202,2,1
719,12.7588,13.4021,56.13,16.1513,14.638,54.4084,2,1
720,-3.54625,-6.50203,61.0014,-3.35088,-10.4018,61.8695,2,1
721,-58.4319,-20.0106,-39.2451,-54.5017,-20.3753,-38.5969,2,1
722,21.0234,-52.4599,34.4432,17.4975,-51.0992,35.7537,1,1
723,19.7717,47.0007,-2.4774,21.5579,48.7879,-5.57823,1,1
724,-50.0431,-1.84037,4.90578,-48.5849,-4.46229,2.2602,1,1
725,-35.9207,6.65594,16.3639,-35.6785,3.55858,18.8834,1,1
726,-26.0314,30.4905,-13.3641,-27.2728,34.2912,-13.4787,1,1
727,35.3011,-7.18945,-17.2864,37.5098,-9.23212,-14.6503,1,1
728,-9.14371,-43.424,12.4766,-8.98429,-43.7701,8.49475,1,1
729,45.2602,22.9782,-12.1192,43.9755,26.0405,-9.88942,1,1
730,-15.8389,-59.5049,-22.9281,-14.9669,-56.9083,-20.0131,1,1
731,-61.103,-30.8774,20.3036,-60.4435,-31.8852,24.118,1,1
732,-6.55089,-8.29048,56.8649,-10.0625,-6.59686,57.7596,1,1
733,-32.7096,-75.5091,2.88753,-36.0584,-77.6813,2.62801,1,1
734,20.6467,-10.652,-34.1115,18.5892,-8.03648,-36.331,1,1
735,18.6135,43.0022,7.93897,20.9342,40.4633,9.98061,1,1
736,2.55619,-2.33989,55.5475,5.35267,-3.60354,58.1133,1,1
737,33.8307,-19.6292,20.3261,35.6323,-23.0119,19.1807,1,1
738,-52.8218,8.51241,9.12938,-53.4821,12.3778,9.91839,1,1
739,-11.1565,-36.8227,27.8042,-13.5507,-35.4759,30.7118,1,1
740,-6.19527,2.9707,-49.8957,-9.99585,4.12362,-50.3715,1,1
741,5.36734,-16.1342,49.8418,8.42883,-18.7068,49.9366,1,1
742,28.1839,34.0491,-0.448969,31.838,32.4526,-0.134952,1,1
743,-27.7194,-80.2939,-23.398,-29.7067,-83.2711,-25.1833,1,1
744,-70.6555,-14.5443,23.5198,-70.3731,-11.3705,25.9378,1,1
745,-7.43221,50.2249,1.06258,-4.46876,47.8736,-0.237223,1,1
746,13.334,-6.44551,-48.3085,15.749,-6.77074,-51.4806,1,1
747,-53.3192,-0.0210081,-39.6562,-51.8545,1.1087,-43.2028,1,1
748,-35.9815,40.6096,0.932086,-39.7193,42.0187,0.723653,1,1
749,-4.69698,-21.1263,-48.6976,-4.66611,-24.8544,-50.1466,1,1
750,-70.3053,18.5417,34.8957,-69.6217,18.5102,38.8367,1,1
751,-13.8547,-17.5854,44.4989,-15.8973,-20.8267,45.6487,1,1
752,48.2276,5.89299,-2.00551,51.6195,6.79939,-0.0889775,1,1
753,15.2681,3.06092,50.3225,16.7298,2.74427,54.0324,1,1
754,-32.4421,-61.0359,3.65257,-36.3735,-60.3627,3.35061,1,1
755,-33.3743,23.5219,-16.876,-36.4904,24.6126,-19.1344,1,1
756,27.2913,25.2088,34.828,30.45,27.4242,35.8839,1,1
757,22.673,-4.31023,41.5438,24.8922,-1.25334,40.2283,1,1
758,27.2962,34.5839,-40.8328,31.0087,35.2088,-42.1844,1,1
759,10.0351,9.48922,-47.788,12.9729,10.1307,-50.4258,1,1
760,-11.4924,27.9025,44.4862,-12.705,30.1506,47.5644,1,1
761,0.810562,53.1906,-25.891,0.250995,56.9861,-27.0229,2,2
762,37.2024,-3.61168,-25.6952,40.9205,-2.53101,-26.6994,1,1
763,23.0468,-23.4063,-41.6257,24.3498,-25.2008,-44.9547,1,1
764,4.1096,45.551,25.0579,3.81084,48.9717,27.1095,1,1
765,-12.1102,10.3634,49.1382,-12.1895,12.8952,52.2339,1,1
766,38.5087,-63.4318,-9.22776,42.4925,-63.2708,-9.54915,1,1
767,-26.2535,-27.5179,-37.5683,-29.2857,-30.0074,-38.3479,1,1
768,-32.3948,-0.831569,44.2481,-34.0303,-0.665787,47.8946,1,1
769,-24.8069,20.6619,-43.1458,-27.5833,21.4368,-45.9191,1,1
770,-63.7569,37.9905,-25.2691,-62.2667,41.4346,-26.6537,1,1
771,-16.0512,-67.2892,41.9801,-17.8701,-66.0354,45.3147,1,1
772,-32.0356,-41.9713,-3.48793,-34.4683,-43.9158,-5.99808,1,1
773,39.7171,-9.74382,34.9682,42.8069,-10.2343,37.4607,2,1
774,14.6412,54.0116,7.08945,13.5375,57.733,8.05561,1,1
775,-20.3286,-44.6189,12.096,-23.9537,-42.9305,12.0057,1,1
776,50.8077,25.0458,-18.7352,53.0523,27.5244,-20.9304,2,1
777,-12.8186,-59.9116,-31.9564,-10.0555,-59.625,-34.8344,1,1
778,-36.354,18.0485,35.2339,-36.5069,18.4248,39.2132,1,1
779,-53.6188,-33.6277,15.213,-51.4684,-33.7453,11.8423,1,1
780,44.2266,-26.2926,-7.59072,47.9707,-27.101,-6.43833,1,1
781,-27.1624,55.6024,8.28819,-29.4184,57.6378,10.8896,2,1
782,-0.22988,-4.09237,-63.1186,-0.820877,-3.64325,-67.0491,2,2
783,14.7114,13.6367,59.6132,16.0898,14.3401,63.3017,2,1
784,-58.9148,40.1828,31.0599,-56.4114,40.9712,34.0784,1,1
785,-4.22217,-6.03419,64.916,-4.58287,-5.15156,68.8007,2,2
786,6.15302,26.9618,-59.7277,5.36994,27.1801,-63.6442,2,1
787,-58.418,-23.915,-40.1144,-59.3704,-27.6528,-41.1736,1,1
788,22.6619,-51.5688,37.9817,25.5344,-51.2422,40.7462,1,1
789,19.0473,-5.94373,41.9754,19.8568,-5.03601,45.786,1,1
790,-9.14371,-43.424,12.4766,-6.96622,-43.0344,15.8092,1,1
791,2.55619,-2.33989,55.5475,0.558094,0.777916,54.0353,1,1
792,-11.1565,-36.8227,27.8042,-7.73787,-38.5964,26.7238,1,1
793,-7.43221,50.2249,1.06258,-8.22872,54.0248,2.02503,1,1
794,-53.3192,-0.0210081,-39.6562,-53.9265,3.92967,-39.5035,1,1
795,48.2276,5.89299,-2.00551,50.2145,3.62069,-4.63013,1,1
796,15.2681,3.06092,50.3225,18.574,2.45566,48.1536,1,1
797,-33.3743,23.5219,-16.876,-30.8821,21.0715,-14.9306,1,1
798,22.673,-4.31023,41.5438,20.2292,-2.00487,39.3727,1,1
799,10.0351,9.48922,-47.788,9.53775,13.1978,-49.202,1,1
800,-11.4924,27.9025,44.4862,-7.54759,28.1444,45.1027,1,1
801,0.810562,53.1906,-25.891,0.693033,51.9506,-29.6922,2,1
802,37.2024,-3.61168,-25.6952,33.9833,-3.22389,-28.0376,1,1
803,23.0468,-23.4063,-41.6257,19.9458,-22.6519,-44.0371,1,1
804,38.5087,-63.4318,-9.22776,37.8274,-62.0617,-12.9235,1,1
805,-63.7569,37.9905,-25.2691,-62.9155,36.7476,-28.9768,1,1
806,39.7171,-9.74382,34.9682,39.4269,-13.7217,35.2714,2,1
807,50.8077,25.0458,-18.7352,53.3325,25.1757,-15.6354,2,1
808,-12.8186,-59.9116,-31.9564,-14.9358,-62.1088,-34.5429,1,1
809,-27.1624,55.6024,8.28819,-30.2538,53.1073,7.82141,2,1
810,14.7114,13.6367,59.6132,11.6496,12.0317,61.6255,2,1
811,6.15302,26.9618,-59.7277,6.74713,30.8865,-59.2335,2,1
812,26.0525,-14.0899,-29.8642,28.2283,-11.1548,-31.4924,1,1
813,-52.5312,-2.96035,-34.7151,-49.4544,-4.67063,-32.8155,1,1
814,-5.24993,-16.1665,-49.2814,-9.19349,-15.9032,-49.897,1,1
815,20.6392,-8.82711,39.7056,22.2311,-11.7105,37.4357,1,1
816,21.846,34.8921,-40.2097,18.9837,36.9871,-42.0585,1,1
817,20.0189,-23.4525,-37.3221,17.4573,-26.1945,-35.9365,1,1
818,-55.5915,-28.8997,17.9973,-54.1334,-25.3382,19.088,1,1
819,3.75662,-3.95199,-59.0202,7.67975,-3.18578,-58.8719,1,1
820,16.1513,14.638,54.4084,19.5437,15.8739,52.6868,1,1
821,-3.35088,-10.4018,61.8695,-3.42718,-13.6378,64.2195,1,1
822,-54.5017,-20.3753,-38.5969,-53.279,-21.6568,-35.0104,1,1
823,17.4975,-51.0992,35.7537,14.7342,-50.6727,38.6141,1,1
824,21.5579,48.7879,-5.57823,23.3442,50.5752,-8.67906,1,1
825,-35.6785,3.55858,18.8834,-35.4362,0.461221,21.4028,1,1
826,-27.2728,34.2912,-13.4787,-28.5143,38.092,-13.5933,1,1
827,37.5098,-9.23212,-14.6503,40.5239,-11.4491,-16.0646,1,1
828,-8.98429,-43.7701,8.49475,-8.82487,-44.1163,4.51295,1,1
829,-14.9669,-56.9083,-20.0131,-14.0949,-54.3117,-17.098,1,1
830,-60.4435,-31.8852,24.118,-58.8068,-34.1178,27.0053,1,1
831,-10.0625,-6.59686,57.7596,-13.574,-4.90325,58.6543,1,1
832,-36.0584,-77.6813,2.62801,-39.4072,-79.8534,2.3685,1,1
833,20.9342,40.4633,9.98061,23.2549,37.9244,12.0223,1,1
834,5.35267,-3.60354,58.1133,8.14914,-4.86719,60.679,1,1
835,-13.5507,-35.4759,30.7118,-15.9448,-34.1292,33.6194,1,1
836,-9.99585,4.12362,-50.3715,-13.6307,5.75959,-50.705,1,1
837,8.42883,-18.7068,49.9366,11.5897,-21.1572,50.005,1,1
838,31.838,32.4526,-0.134952,35.4922,30.8562,0.179065,1,1
839,15.749,-6.77074,-51.4806,18.063,-6.8462,-54.7424,1,1
840,-51.8545,1.1087,-43.2028,-50.1905,1.02309,-46.8392,1,1
841,-39.7193,42.0187,0.723653,-43.5389,43.1509,0.365346,1,1
842,-4.66611,-24.8544,-50.1466,-2.70883,-28.2606,-50.8997,1,1
843,-69.6217,18.5102,38.8367,-68.9381,18.4787,42.7777,1,1
844,-15.8973,-20.8267,45.6487,-17.929,-24.0734,46.8026,1,1
845,51.6195,6.79939,-0.0889775,53.9814,8.59911,2.59107,1,1
846,16.7298,2.74427,54.0324,13.7774,3.76168,56.5321,1,1
847,-36.3735,-60.3627,3.35061,-40.3048,-59.6896,3.04866,1,1
848,-36.4904,24.6126,-19.1344,-39.6065,25.7032,-21.3928,1,1
849,30.45,27.4242,35.8839,33.5924,29.6569,36.9518,1,1
850,24.8922,-1.25334,40.2283,28.8502,-1.16496,40.7997,1,1
851,31.0087,35.2088,-42.1844,34.7789,35.6943,-43.4292,1,1
852,12.9729,10.1307,-50.4258,15.7372,10.6304,-53.2734,1,1
853,-12.705,30.1506,47.5644,-14.5873,32.2576,50.3959,1,1
854,0.250995,56.9861,-27.0229,-0.33912,60.9129,-27.5043,2,2
855,24.3498,-25.2008,-44.9547,26.8526,-27.3501,-47.2167,1,1
856,3.81084,48.9717,27.1095,3.5887,52.2351,29.4119,1,1
857,-12.1895,12.8952,52.2339,-11.5865,15.6451,55.0755,1,1
858,42.4925,-63.2708,-9.54915,46.3392,-63.1504,-8.45911,1,1
859,-29.2857,-30.0074,-38.3479,-32.3496,-32.4668,-39.099,1,1
860,-34.0303,-0.665787,47.8946,-35.7198,-0.475552,51.5153,1,1
861,-27.5833,21.4368,-45.9191,-30.403,22.1985,-48.652,1,1
862,-62.2667,41.4346,-26.6537,-61.1829,45.2573,-26.1925,1,1
863,-17.8701,-66.0354,45.3147,-19.6374,-64.8069,48.6863,1,1
864,-34.4683,-43.9158,-5.99808,-34.4706,-46.5437,-2.98246,1,1
865,42.8069,-10.2343,37.4607,46.0204,-9.02115,39.5105,1,1
866,13.5375,57.733,8.05561,12.7841,61.5852,8.82575,1,1
867,53.0523,27.5244,-20.9304,54.6397,29.9978,-23.6437,1,1
868,-10.0555,-59.625,-34.8344,-6.57297,-57.6707,-35.0631,1,1
869,-36.5069,18.4248,39.2132,-36.6689,19.1124,43.1503,1,1
870,-51.4684,-33.7453,11.8423,-49.3302,-33.8216,8.46258,1,1
871,47.9707,-27.101,-6.43833,49.815,-29.0405,-3.46564,1,1
872,-29.4184,57.6378,10.8896,-30.8272,60.2912,13.5306,1,1
873,-0.820877,-3.64325,-67.0491,-1.94256,-3.33486,-70.8762,2,2
874,16.0898,14.3401,63.3017,18.1415,15.2891,66.6017,1,1
875,-56.4114,40.9712,34.0784,-53.9565,41.8146,37.1217,1,1
876,-4.58287,-5.15156,68.8007,-4.93671,-2.97176,72.1359,2,1
877,5.36994,27.1801,-63.6442,4.42849,26.256,-67.4204,1,1
878,-59.3704,-27.6528,-41.1736,-60.178,-31.4124,-42.2751,1,1
879,25.5344,-51.2422,40.7462,29.1705,-50.4599,42.2182,1,1
880,10.0351,9.48922,-47.788,11.7217,6.04384,-46.6544,1,1
881,-27.1624,55.6024,8.28819,-26.0922,58.9804,6.43259,2,1
882,26.0525,-14.0899,-29.8642,23.6776,-16.9467,-28.3814,1,1
883,-54.5017,-20.3753,-38.5969,-51.9157,-19.4631,-41.509,1,1
884,8.42883,-18.7068,49.9366,10.967,-16.3841,47.8962,1,1
885,12.9729,10.1307,-50.4258,14.739,6.54429,-50.2895,1,1
886,42.4925,-63.2708,-9.54915,43.8447,-65.269,-12.7395,1,1
887,-34.4683,-43.9158,-5.99808,-35.1965,-42.1109,-9.49267,1,1
888,-29.4184,57.6378,10.8896,-29.5947,55.0721,13.9533,1,1
889,-4.58287,-5.15156,68.8007,-4.5449,-1.59379,66.9729,2,1
890,25.5344,-51.2422,40.7462,24.0004,-50.2812,44.3132,1,1
891,-8.22872,54.0248,2.02503,-7.68288,53.8308,5.98286,1,1
892,-53.9265,3.92967,-39.5035,-54.5339,7.88034,-39.3509,1,1
893,50.2145,3.62069,-4.63013,52.2015,1.34839,-7.25474,1,1
894,9.53775,13.1978,-49.202,8.77212,14.8132,-52.7803,1,1
895,0.693033,51.9506,-29.6922,0.575503,50.7107,-33.4933,1,1
896,19.9458,-22.6519,-44.0371,16.8448,-21.8975,-46.4485,1,1
897,37.8274,-62.0617,-12.9235,37.1461,-60.6916,-16.6193,1,1
898,-62.9155,36.7476,-28.9768,-61.7527,36.6506,-32.8029,1,1
899,39.4269,-13.7217,35.2714,39.1367,-17.6997,35.5746,1,1
900,53.3325,25.1757,-15.6354,55.8352,26.8083,-12.9762,1,1
901,-14.9358,-62.1088,-34.5429,-17.0529,-64.3059,-37.1295,1,1
902,-30.2538,53.1073,7.82141,-30.8673,49.6585,9.75242,1,1
903,11.6496,12.0317,61.6255,8.58787,10.4266,63.6378,1,1
904,6.74713,30.8865,-59.2335,6.42067,34.6679,-60.4962,1,1
905,-9.19349,-15.9032,-49.897,-11.8341,-16.5933,-52.8212,1,1
906,17.4573,-26.1945,-35.9365,14.8957,-28.9365,-34.551,1,1
907,19.5437,15.8739,52.6868,22.9362,17.1098,50.9652,1,1
908,-3.42718,-13.6378,64.2195,-4.40179,-16.9339,66.2654,1,1
909,-53.279,-21.6568,-35.0104,-52.0563,-22.9382,-31.4239,1,1
910,14.7342,-50.6727,38.6141,11.938,-50.2164,41.4377,1,1
911,40.5239,-11.4491,-16.0646,43.538,-13.6662,-17.4789,1,1
912,-14.0949,-54.3117,-17.098,-13.2229,-51.7151,-14.183,1,1
913,-58.8068,-34.1178,27.0053,-57.17,-36.3504,29.8926,1,1
914,-13.574,-4.90325,58.6543,-17.0856,-3.20963,59.549,1,1
915,-39.4072,-79.8534,2.3685,-42.756,-82.0256,2.10898,1,1
916,23.2549,37.9244,12.0223,25.5756,35.3855,14.0639,1,1
917,8.14914,-4.86719,60.679,10.3094,-6.5976,63.5667,1,1
918,-13.6307,5.75959,-50.705,-16.2511,2.96339,-51.8516,1,1
919,11.5897,-21.1572,50.005,12.0854,-24.7128,51.7691,1,1
920,18.063,-6.8462,-54.7424,20.3861,-7.19262,-57.9802,1,1
921,-50.1905,1.02309,-46.8392,-48.5222,0.90978,-50.4729,1,1
922,-43.5389,43.1509,0.365346,-46.0866,46.1266,1.17467,1,1
923,-2.70883,-28.2606,-50.8997,-0.591214,-31.446,-49.7298,1,1
924,-68.9381,18.4787,42.7777,-68.2544,18.4472,46.7188,1,1
925,53.9814,8.59911,2.59107,56.3572,10.687,5.03973,1,1
926,-40.3048,-59.6896,3.04866,-44.2362,-59.0164,2.74671,1,1
927,33.5924,29.6569,36.9518,36.7125,31.9128,38.0361,1,1
928,28.8502,-1.16496,40.7997,27.9587,-3.67943,43.7801,1,1
929,34.7789,35.6943,-43.4292,38.6428,35.8971,-44.444,1,1
930,15.7372,10.6304,-53.2734,18.5488,11.268,-56.0462,1,1
931,-14.5873,32.2576,50.3959,-16.3845,34.3809,53.2702,1,1
932,-0.33912,60.9129,-27.5043,-1.03967,64.8259,-27.9488,2,2
933,26.8526,-27.3501,-47.2167,30.0546,-29.3869,-48.4811,1,1
934,3.5887,52.2351,29.4119,3.74434,54.915,32.3774,1,1
935,-11.5865,15.6451,55.0755,-14.2039,16.431,57.9964,1,1
936,46.3392,-63.1504,-8.45911,48.8566,-61.8412,-5.6398,1,1
937,-32.3496,-32.4668,-39.099,-35.3269,-34.9755,-40.0168,1,1
938,-35.7198,-0.475552,51.5153,-37.5076,-0.205866,55.0834,1,1
939,-30.403,22.1985,-48.652,-33.2917,22.9338,-51.3194,1,1
940,-61.1829,45.2573,-26.1925,-60.264,48.7398,-24.4525,1,1
941,-19.6374,-64.8069,48.6863,-21.3669,-63.5464,52.0656,1,1
942,46.0204,-9.02115,39.5105,48.9009,-6.66303,40.9742,1,1
943,12.7841,61.5852,8.82575,9.35,61.7545,10.8698,1,1
944,54.6397,29.9978,-23.6437,56.3026,31.5852,-26.9171,1,1
945,-6.57297,-57.6707,-35.0631,-2.58888,-57.9986,-34.9235,1,1
946,-36.6689,19.1124,43.1503,-36.2786,19.8671,47.059,1,1
947,-49.3302,-33.8216,8.46258,-46.9581,-36.2337,6.32833,1,1
948,49.815,-29.0405,-3.46564,49.7412,-29.4421,0.513467,1,1
949,-30.8272,60.2912,13.5306,-32.1985,63.6433,15.2286,1,1
950,-1.94256,-3.33486,-70.8762,-2.73915,-2.72056,-74.7477,2,1
951,18.1415,15.2891,66.6017,20.213,16.0537,69.937,1,1
952,-53.9565,41.8146,37.1217,-51.8029,42.7607,40.357,1,1
953,-4.93671,-2.97176,72.1359,-5.68948,-1.33793,75.7085,1,1
954,4.42849,26.256,-67.4204,2.6665,24.1686,-70.3424,1,1
955,-60.178,-31.4124,-42.2751,-60.7668,-35.2127,-43.3756,1,1
956,29.1705,-50.4599,42.2182,33.0017,-49.3293,42.4275,1,1
957,-8.22872,54.0248,2.02503,-9.25075,56.9146,-0.544811,1,1
958,-62.9155,36.7476,-28.9768,-58.9432,36.5685,-28.542,1,1
959,-13.6307,5.75959,-50.705,-11.892,9.18391,-49.5865,1,1
960,-2.70883,-28.2606,-50.8997,-2.68044,-30.2334,-54.3792,1,1
961,28.8502,-1.16496,40.7997,29.0037,1.34932,37.6925,1,1
962,15.7372,10.6304,-53.2734,17.2142,12.4251,-50.018,1,1
963,-32.3496,-32.4668,-39.099,-34.6392,-31.1308,-36.1035,1,1
964,54.6397,29.9978,-23.6437,51.5776,29.1361,-26.0689,1,1
965,-36.6689,19.1124,43.1503,-40.5688,18.5689,43.8541,1,1
966,-1.94256,-3.33486,-70.8762,-1.86359,0.664336,-70.8633,2,1
967,-53.9565,41.8146,37.1217,-50.4788,42.1737,35.1783,1,1
968,-60.178,-31.4124,-42.2751,-63.9748,-30.6068,-41.3081,1,1
969,-26.0922,58.9804,6.43259,-24.9762,62.6316,5.23945,1,1
970,-51.9157,-19.4631,-41.509,-49.3297,-18.5509,-44.4212,1,1
971,43.8447,-65.269,-12.7395,45.197,-67.2671,-15.9299,1,1
972,-35.1965,-42.1109,-9.49267,-35.9247,-40.306,-12.9873,1,1
973,-29.5947,55.0721,13.9533,-28.8553,53.3553,17.4897,1,1
974,-4.5449,-1.59379,66.9729,-8.27675,-0.861402,65.7332,1,1
975,24.0004,-50.2812,44.3132,22.4663,-49.3203,47.8802,1,1
976,-7.68288,53.8308,5.98286,-7.86127,54.8487,9.84707,1,1
977,52.2015,1.34839,-7.25474,54.1885,-0.923911,-9.87936,1,1
978,0.575503,50.7107,-33.4933,0.457973,49.4707,-37.2945,1,1
979,37.1461,-60.6916,-16.6193,36.4649,-59.3215,-20.3151,1,1
980,-61.7527,36.6506,-32.8029,-63.2668,36.7258,-36.5045,1,1
981,39.1367,-17.6997,35.5746,40.8391,-21.1975,36.5058,1,1
982,55.8352,26.8083,-12.9762,58.3511,28.3502,-10.2757,1,1
983,-17.0529,-64.3059,-37.1295,-19.1701,-66.5031,-39.716,1,1
984,6.42067,34.6679,-60.4962,6.12501,38.4873,-61.647,1,1
985,-11.8341,-16.5933,-52.8212,-14.5596,-17.2567,-55.6728,1,1
986,22.9362,17.1098,50.9652,23.0508,20.002,53.726,1,1
987,-4.40179,-16.9339,66.2654,-5.10743,-20.3035,68.302,1,1
988,-52.0563,-22.9382,-31.4239,-50.8336,-24.2197,-27.8374,1,1
989,11.938,-50.2164,41.4377,9.07195,-49.6953,44.179,1,1
990,43.538,-13.6662,-17.4789,46.552,-15.8832,-18.8932,1,1
991,-57.17,-36.3504,29.8926,-55.5332,-38.5829,32.7799,1,1
992,-42.756,-82.0256,2.10898,-46.1048,-84.1977,1.84946,1,1
993,10.3094,-6.5976,63.5667,12.0327,-8.57245,66.5883,1,1
994,-16.2511,2.96339,-51.8516,-17.8098,0.821736,-54.8489,1,1
995,12.0854,-24.7128,51.7691,12.589,-28.2646,53.5386,1,1
996,20.3861,-7.19262,-57.9802,22.1808,-7.47048,-61.5441,1,1
997,-48.5222,0.90978,-50.4729,-46.5592,-0.279033,-53.7491,1,1
998,-46.0866,46.1266,1.17467,-48.6342,49.1022,1.98399,1,1
999,-0.591214,-31.446,-49.7298,1.1808,-32.6251,-46.3431,1,1
1000,-68.2544,18.4472,46.7188,-67.5708,18.4157,50.6598,1,1
1001,56.3572,10.687,5.03973,59.0223,10.5488,8.01936,1,1
1002,-44.2362,-59.0164,2.74671,-48.1676,-58.3433,2.44476,1,1
1003,36.7125,31.9128,38.0361,39.8015,34.2003,39.1431,1,1
1004,38.6428,35.8971,-44.444,42.5952,35.4307,-44.8449,1,1
1005,18.5488,11.268,-56.0462,19.1699,10.4089,-59.9032,1,1
1006,-16.3845,34.3809,53.2702,-17.6265,37.3095,55.6952,1,1
1007,-1.03967,64.8259,-27.9488,-1.92188,68.7086,-28.3316,2,1
1008,30.0546,-29.3869,-48.4811,33.3695,-31.2759,-49.6821,1,1
1009,3.74434,54.915,32.3774,6.19579,57.1972,34.5641,1,1
1010,-14.2039,16.431,57.9964,-17.1444,18.154,60.0903,1,1
1011,48.8566,-61.8412,-5.6398,51.3335,-60.4494,-2.82416,1,1
1012,-35.3269,-34.9755,-40.0168,-36.0536,-37.7675,-42.7874,1,1
1013,-37.5076,-0.205866,55.0834,-39.3835,0.00321081,58.6101,1,1
1014,-33.2917,22.9338,-51.3194,-36.2729,23.1914,-53.9738,1,1
1015,-60.264,48.7398,-24.4525,-59.2147,52.2478,-22.8422,1,1
1016,-21.3669,-63.5464,52.0656,-19.0561,-66.1902,53.9815,1,1
1017,48.9009,-6.66303,40.9742,50.5571,-3.53198,42.8325,1,1
1018,56.3026,31.5852,-26.9171,58.965,33.5784,-29.1394,1,1
1019,-2.58888,-57.9986,-34.9235,1.39522,-58.3266,-34.784,1,1
1020,-36.2786,19.8671,47.059,-32.7693,20.8802,48.6895,1,1
1021,49.7412,-29.4421,0.513467,52.504,-30.4218,3.23507,1,1
1022,-32.1985,63.6433,15.2286,-34.6285,66.6574,16.2336,1,1
1023,-2.73915,-2.72056,-74.7477,-3.35557,-2.83572,-78.6982,1,1
1024,20.213,16.0537,69.937,21.5794,15.4325,73.6447,1,1
1025,-51.8029,42.7607,40.357,-52.8798,43.3571,44.1628,1,1
1026,-5.68948,-1.33793,75.7085,-6.32652,0.389524,79.2596,1,1
1027,2.6665,24.1686,-70.3424,1.78942,21.7373,-73.3952,1,1
1028,-60.7668,-35.2127,-43.3756,-61.1008,-39.1737,-43.8216,1,1
1029,33.0017,-49.3293,42.4275,36.9934,-49.2327,42.1886,1,1
1030,-60.178,-31.4124,-42.2751,-56.9838,-31.9135,-44.6301,1,1
1031,56.3572,10.687,5.03973,53.021,11.9856,6.8238,1,1
1032,38.6428,35.8971,-44.444,38.0337,39.1034,-46.7567,1,1
1033,-16.3845,34.3809,53.2702,-13.6989,33.0791,55.9335,1,1
1034,-1.03967,64.8259,-27.9488,2.31827,65.4212,-30.0392,2,1
1035,30.0546,-29.3869,-48.4811,27.4322,-31.5236,-46.3462,1,1
1036,-37.5076,-0.205866,55.0834,-38.9483,3.39789,54.1153,1,1
1037,-21.3669,-63.5464,52.0656,-24.1117,-60.7382,52.8273,1,1
1038,49.7412,-29.4421,0.513467,47.0356,-32.3787,0.277319,1,1
1039,20.213,16.0537,69.937,20.934,12.1306,69.6378,1,1
1040,-5.68948,-1.33793,75.7085,-4.85036,-4.98369,77.1243,1,1
1041,2.6665,24.1686,-70.3424,3.99308,20.5675,-69.2146,1,1
1042,-60.7668,-35.2127,-43.3756,-61.3222,-35.4687,-47.3286,1,1
1043,33.0017,-49.3293,42.4275,32.8727,-49.6247,38.4406,1,1
1044,-9.25075,56.9146,-0.544811,-10.2728,59.8045,-3.11465,1,1
1045,-2.68044,-30.2334,-54.3792,-2.65205,-32.2062,-57.8588,1,1
1046,-34.6392,-31.1308,-36.1035,-36.9288,-29.7948,-33.108,1,1
1047,51.5776,29.1361,-26.0689,49.7044,27.4512,-29.1757,1,1
1048,-40.5688,18.5689,43.8541,-44.4687,18.0253,44.5579,1,1
1049,-1.86359,0.664336,-70.8633,-3.59475,4.22115,-71.4567,1,1
1050,-50.4788,42.1737,35.1783,-47.0011,42.5328,33.2349,1,1
1051,-63.9748,-30.6068,-41.3081,-67.7717,-29.8013,-40.3412,1,1
1052,-24.9762,62.6316,5.23945,-23.8608,66.2779,4.03098,1,1
1053,-49.3297,-18.5509,-44.4212,-46.7438,-17.6387,-47.3333,1,1
1054,45.197,-67.2671,-15.9299,46.5493,-69.2653,-19.1203,1,1
1055,-35.9247,-40.306,-12.9873,-36.6529,-38.5012,-16.4818,1,1
1056,-28.8553,53.3553,17.4897,-27.0959,52.9593,21.0601,1,1
1057,22.4663,-49.3203,47.8802,20.9323,-48.3593,51.4471,1,1
1058,-7.86127,54.8487,9.84707,-8.03965,55.8666,13.7113,1,1
1059,54.1885,-0.923911,-9.87936,57.3747,-0.0487173,-12.1337,1,1
1060,36.4649,-59.3215,-20.3151,35.7836,-57.9514,-24.0109,1,1
1061,-63.2668,36.7258,-36.5045,-64.7786,36.8021,-40.207,1,1
1062,40.8391,-21.1975,36.5058,42.0698,-24.8999,37.3874,1,1
1063,58.3511,28.3502,-10.2757,60.8942,29.648,-7.47425,1,1
1064,-19.1701,-66.5031,-39.716,-21.2872,-68.7002,-42.3026,1,1
1065,6.12501,38.4873,-61.647,6.0078,42.3751,-62.5805,1,1
1066,-14.5596,-17.2567,-55.6728,-17.0139,-15.9614,-52.7921,1,1
1067,23.0508,20.002,53.726,23.1655,22.8942,56.4868,1,1
1068,-5.10743,-20.3035,68.302,-5.59373,-23.7925,70.1969,1,1
1069,9.07195,-49.6953,44.179,10.4567,-51.5483,47.4422,1,1
1070,-55.5332,-38.5829,32.7799,-53.8964,-40.8155,35.6673,1,1
1071,12.0327,-8.57245,66.5883,13.7561,-10.5469,69.6101,1,1
1072,-17.8098,0.821736,-54.8489,-19.3555,-1.31005,-57.8599,1,1
1073,12.589,-28.2646,53.5386,9.69831,-30.4592,51.8571,1,1
1074,22.1808,-7.47048,-61.5441,24.0018,-7.70756,-65.0977,1,1
1075,-46.5592,-0.279033,-53.7491,-44.6184,-1.45201,-57.0442,1,1
1076,-48.6342,49.1022,1.98399,-50.3405,52.4568,3.33872,1,1
1077,1.1808,-32.6251,-46.3431,1.6254,-36.0582,-48.3471,1,1
1078,-67.5708,18.4157,50.6598,-66.8872,18.3842,54.6008,1,1
1079,59.0223,10.5488,8.01936,62.8138,9.67013,8.94293,1,1
1080,-48.1676,-58.3433,2.44476,-52.099,-57.6701,2.1428,1,1
1081,39.8015,34.2003,39.1431,42.8453,36.5321,40.2824,1,1
1082,42.5952,35.4307,-44.8449,44.6355,32.2824,-43.4573,1,1
1083,19.1699,10.4089,-59.9032,21.3104,10.438,-63.2821,1,1
1084,-17.6265,37.3095,55.6952,-19.8865,40.3811,56.9025,1,1
1085,-1.92188,68.7086,-28.3316,-3.74426,72.2651,-28.1578,1,1
1086,33.3695,-31.2759,-49.6821,36.8955,-31.3225,-51.5704,1,1
1087,6.19579,57.1972,34.5641,8.64723,59.4794,36.7509,1,1
1088,-17.1444,18.154,60.0903,-20.0956,19.9338,62.1207,1,1
1089,51.3335,-60.4494,-2.82416,53.7329,-58.9085,-0.0191042,1,1
1090,-36.0536,-37.7675,-42.7874,-36.8313,-40.4463,-45.6543,1,1
1091,-39.3835,0.00321081,58.6101,-39.8626,-2.3471,61.8111,1,1
1092,-36.2729,23.1914,-53.9738,-39.3965,23.2942,-56.4703,1,1
1093,-59.2147,52.2478,-22.8422,-57.93,55.7913,-21.5031,1,1
1094,-19.0561,-66.1902,53.9815,-16.7453,-68.834,55.8974,1,1
1095,50.5571,-3.53198,42.8325,52.201,-0.662469,45.0828,1,1
1096,58.965,33.5784,-29.1394,60.4656,37.2624,-29.56,1,1
1097,-32.7693,20.8802,48.6895,-33.6626,22.3374,52.3059,1,1
1098,52.504,-30.4218,3.23507,55.2667,-31.4016,5.95667,1,1
1099,-34.6285,66.6574,16.2336,-35.4882,70.2274,17.8198,1,1
1100,-3.35557,-2.83572,-78.6982,-3.0551,-3.6147,-82.6101,1,1
1101,21.5794,15.4325,73.6447,22.3355,16.7685,77.3384,1,1
1102,-52.8798,43.3571,44.1628,-52.0855,43.1382,48.0771,1,1
1103,-6.32652,0.389524,79.2596,-8.09242,2.98038,81.7434,1,1
1104,1.78942,21.7373,-73.3952,0.264235,20.4781,-76.872,1,1
1105,-61.1008,-39.1737,-43.8216,-61.086,-42.7696,-42.0697,1,1
1106,36.9934,-49.2327,42.1886,40.6161,-48.9885,43.8668,1,1
1107,49.7412,-29.4421,0.513467,49.6486,-25.5904,1.58861,1,1
1108,6.12501,38.4873,-61.647,2.12617,38.563,-61.7063,1,1
1109,-14.5596,-17.2567,-55.6728,-14.525,-18.5734,-59.4497,1,1
1110,-5.10743,-20.3035,68.302,-1.21017,-21.1928,68.1582,1,1
1111,9.07195,-49.6953,44.179,6.53539,-47.595,41.9086,1,1
1112,12.589,-28.2646,53.5386,15.6925,-27.5309,55.9531,1,1
1113,1.1808,-32.6251,-46.3431,1.70353,-30.2579,-43.1614,1,1
1114,-17.6265,37.3095,55.6952,-15.5935,39.3179,52.8964,1,1
1115,50.5571,-3.53198,42.8325,51.0923,-1.84906,39.2435,1,1
1116,-34.6285,66.6574,16.2336,-32.7125,68.9618,13.5843,1,1
1117,-3.35557,-2.83572,-78.6982,0.636286,-3.08569,-78.7489,1,1
1118,-6.32652,0.389524,79.2596,-8.11468,2.97078,76.7818,1,1
1119,-61.1008,-39.1737,-43.8216,-60.6689,-38.4455,-39.9122,1,1
1120,53.021,11.9856,6.8238,49.6847,13.2843,8.60786,1,1
1121,38.0337,39.1034,-46.7567,37.4246,42.3098,-49.0693,1,1
1122,2.31827,65.4212,-30.0392,5.57827,67.3339,-31.3484,1,1
1123,27.4322,-31.5236,-46.3462,25.1903,-33.7094,-48.8355,1,1
1124,-24.1117,-60.7382,52.8273,-26.826,-57.9041,53.6022,1,1
1125,47.0356,-32.3787,0.277319,44.33,-35.3154,0.0411705,1,1
1126,-61.3222,-35.4687,-47.3286,-61.9032,-37.187,-50.8936,1,1
1127,-10.2728,59.8045,-3.11465,-11.2948,62.6944,-5.68449,1,1
1128,-2.65205,-32.2062,-57.8588,-2.62365,-34.179,-61.3383,1,1
1129,49.7044,27.4512,-29.1757,48.4756,26.4809,-32.8565,1,1
1130,-3.59475,4.22115,-71.4567,-5.99971,7.2739,-72.4038,1,1
1131,-47.0011,42.5328,33.2349,-43.5234,42.8918,31.2915,1,1
1132,-67.7717,-29.8013,-40.3412,-71.5686,-28.9958,-39.3742,1,1
1133,-23.8608,66.2779,4.03098,-22.7466,69.9157,2.79605,1,1
1134,46.5493,-69.2653,-19.1203,47.9015,-71.2635,-22.3107,1,1
1135,-36.6529,-38.5012,-16.4818,-37.3811,-36.6963,-19.9764,1,1
1136,-27.0959,52.9593,21.0601,-25.3365,52.5634,24.6305,1,1
1137,20.9323,-48.3593,51.4471,19.3982,-47.3984,55.0141,1,1
1138,-8.03965,55.8666,13.7113,-8.21804,56.8845,17.5755,1,1
1139,57.3747,-0.0487173,-12.1337,60.5609,0.826477,-14.3881,1,1
1140,35.7836,-57.9514,-24.0109,35.1023,-56.5813,-27.7066,1,1
1141,-64.7786,36.8021,-40.207,-66.2867,36.8801,-43.911,1,1
1142,42.0698,-24.8999,37.3874,45.0797,-26.9887,38.993,1,1
1143,60.8942,29.648,-7.47425,61.3362,25.9893,-5.91888,1,1
1144,-21.2872,-68.7002,-42.3026,-23.4043,-70.8973,-44.8891,1,1
1145,6.0078,42.3751,-62.5805,8.92641,45.0903,-62.9117,1,1
1146,23.1655,22.8942,56.4868,23.2801,25.7864,59.2476,1,1
1147,-5.59373,-23.7925,70.1969,-8.80855,-25.6572,71.676,1,1
1148,10.4567,-51.5483,47.4422,11.8414,-53.4013,50.7055,1,1
1149,-53.8964,-40.8155,35.6673,-52.2596,-43.0481,38.5546,1,1
1150,13.7561,-10.5469,69.6101,15.4797,-12.5208,72.6323,1,1
1151,-19.3555,-1.31005,-57.8599,-17.899,-0.644884,-61.5255,1,1
1152,9.69831,-30.4592,51.8571,6.80766,-32.6539,50.1755,1,1
1153,24.0018,-7.70756,-65.0977,25.3577,-7.47462,-68.8537,1,1
1154,-44.6184,-1.45201,-57.0442,-42.7492,-2.56857,-60.3997,1,1
1155,-50.3405,52.4568,3.33872,-52.2818,55.7346,4.55836,1,1
1156,1.6254,-36.0582,-48.3471,2.07001,-39.4913,-50.3512,1,1
1157,-66.8872,18.3842,54.6008,-66.2035,18.3527,58.5418,1,1
1158,62.8138,9.67013,8.94293,66.6054,8.79151,9.86582,1,1
1159,-52.099,-57.6701,2.1428,-56.0303,-56.9969,1.84085,1,1
1160,42.8453,36.5321,40.2824,45.821,38.9271,41.4696,1,1
1161,44.6355,32.2824,-43.4573,46.6759,29.1342,-42.0696,1,1
1162,21.3104,10.438,-63.2821,23.4509,10.4672,-66.6611,1,1
1163,-19.8865,40.3811,56.9025,-21.7001,43.3167,58.9257,1,1
1164,-3.74426,72.2651,-28.1578,-6.80764,74.7886,-27.6603,1,1
1165,36.8955,-31.3225,-51.5704,40.4194,-31.3595,-53.4627,1,1
1166,8.64723,59.4794,36.7509,11.0987,61.7617,38.9376,1,1
1167,-20.0956,19.9338,62.1207,-23.2684,20.9871,64.3171,1,1
1168,53.7329,-58.9085,-0.0191042,55.9536,-57.0598,2.74696,1,1
1169,-36.8313,-40.4463,-45.6543,-37.7647,-42.7335,-48.8003,1,1
1170,-39.8626,-2.3471,61.8111,-40.2833,-6.31651,62.0695,1,1
1171,-39.3965,23.2942,-56.4703,-42.5615,23.0091,-58.8996,1,1
1172,-57.93,55.7913,-21.5031,-60.5011,57.3893,-18.8886,1,1
1173,-16.7453,-68.834,55.8974,-14.4345,-71.4778,57.8132,1,1
1174,52.201,-0.662469,45.0828,52.6073,0.618471,48.8503,1,1
1175,60.4656,37.2624,-29.56,61.5919,40.7309,-27.9166,1,1
1176,-33.6626,22.3374,52.3059,-33.4686,25.2873,55.0004,1,1
1177,55.2667,-31.4016,5.95667,58.0295,-32.3813,8.67827,1,1
1178,-35.4882,70.2274,17.8198,-37.4254,72.2297,20.69,1,1
1179,-3.0551,-3.6147,-82.6101,-4.45248,-5.06978,-86.0641,1,1
1180,22.3355,16.7685,77.3384,20.3644,18.0281,80.5831,1,1
1181,-52.0855,43.1382,48.0771,-51.2911,42.9193,51.9913,1,1
1182,-8.09242,2.98038,81.7434,-8.14151,3.19127,85.7375,1,1
1183,0.264235,20.4781,-76.872,3.03929,18.6706,-79.1152,1,1
1184,-61.086,-42.7696,-42.0697,-60.9551,-46.2752,-40.1479,1,1
1185,40.6161,-48.9885,43.8668,44.1722,-48.6226,45.6613,1,1
1186,-3.59475,4.22115,-71.4567,-1.92172,7.81265,-70.9071,1,1
1187,60.8942,29.648,-7.47425,61.5147,33.5871,-7.78725,1,1
1188,-19.3555,-1.31005,-57.8599,-22.2403,-3.96085,-57.053,1,1
1189,-39.3965,23.2942,-56.4703,-41.3719,24.7938,-53.332,1,1
1190,-57.93,55.7913,-21.5031,-54.5197,55.442,-23.5641,1,1
1191,60.4656,37.2624,-29.56,63.3573,35.8139,-27.2062,1,1
1192,-3.0551,-3.6147,-82.6101,-0.948384,-0.6656,-84.3026,1,1
1193,22.3355,16.7685,77.3384,26.2105,15.8322,77.6673,1,1
1194,0.264235,20.4781,-76.872,-3.36258,19.1111,-75.8833,1,1
1195,49.6486,-25.5904,1.58861,49.5561,-21.7387,2.66374,1,1
1196,2.12617,38.563,-61.7063,-1.87268,38.6387,-61.7656,1,1
1197,-14.525,-18.5734,-59.4497,-13.7322,-19.9816,-63.1088,1,1
1198,-1.21017,-21.1928,68.1582,-1.18176,-18.8925,71.4305,1,1
1199,15.6925,-27.5309,55.9531,18.7961,-26.7972,58.3675,1,1
1200,1.70353,-30.2579,-43.1614,4.90686,-28.0022,-43.9679,1,1
1201,51.0923,-1.84906,39.2435,54.6539,-1.75624,37.4251,1,1
1202,0.636286,-3.08569,-78.7489,4.62815,-3.33565,-78.7995,1,1
1203,-8.11468,2.97078,76.7818,-5.2454,5.6704,76.0895,1,1
1204,49.6847,13.2843,8.60786,46.3484,14.5829,10.3919,1,1
1205,37.4246,42.3098,-49.0693,36.8155,45.5161,-51.382,1,1
1206,5.57827,67.3339,-31.3484,8.80663,69.2147,-32.7768,1,1
1207,25.1903,-33.7094,-48.8355,22.9485,-35.8951,-51.3248,1,1
1208,-26.826,-57.9041,53.6022,-25.3366,-54.494,55.0694,1,1
1209,-61.9032,-37.187,-50.8936,-62.3628,-40.6168,-52.9001,1,1
1210,-2.62365,-34.179,-61.3383,-1.56711,-32.3836,-64.753,1,1
1211,48.4756,26.4809,-32.8565,44.6554,27.0737,-31.8294,1,1
1212,-5.99971,7.2739,-72.4038,-9.61878,8.31283,-73.7539,1,1
1213,-71.5686,-28.9958,-39.3742,-75.3654,-28.1903,-38.4072,1,1
1214,-22.7466,69.9157,2.79605,-21.6347,73.5364,1.50983,1,1
1215,47.9015,-71.2635,-22.3107,49.2538,-73.2617,-25.5011,1,1
1216,-25.3365,52.5634,24.6305,-23.5771,52.1675,28.2009,1,1
1217,60.5609,0.826477,-14.3881,63.7471,1.70167,-16.6424,1,1
1218,-66.2867,36.8801,-43.911,-70.009,35.5481,-44.5195,1,1
1219,45.0797,-26.9887,38.993,47.9516,-29.1451,40.7542,1,1
1220,8.92641,45.0903,-62.9117,11.7136,47.9593,-62.9176,1,1
1221,-8.80855,-25.6572,71.676,-12.1025,-27.4407,73.0792,1,1
1222,-52.2596,-43.0481,38.5546,-50.6228,-45.2806,41.4419,1,1
1223,15.4797,-12.5208,72.6323,17.2038,-14.4931,75.6551,1,1
1224,-17.899,-0.644884,-61.5255,-16.4425,0.0202777,-65.191,1,1
1225,25.3577,-7.47462,-68.8537,26.7762,-7.16774,-72.5811,1,1
1226,-42.7492,-2.56857,-60.3997,-41.1706,-3.44352,-63.9693,1,1
1227,-52.2818,55.7346,4.55836,-52.1798,59.1511,6.63615,1,1
1228,2.07001,-39.4913,-50.3512,2.51461,-42.9244,-52.3552,1,1
1229,-66.2035,18.3527,58.5418,-65.5199,18.3212,62.4828,1,1
1230,66.6054,8.79151,9.86582,70.3974,7.91303,10.7871,1,1
1231,45.821,38.9271,41.4696,48.6882,41.4147,42.731,1,1
1232,46.6759,29.1342,-42.0696,50.1372,27.1296,-42.0467,1,1
1233,23.4509,10.4672,-66.6611,25.5915,10.4963,-70.04,1,1
1234,-21.7001,43.3167,58.9257,-23.4,46.2439,61.0569,1,1
1235,-6.80764,74.7886,-27.6603,-9.90204,77.2809,-27.1984,1,1
1236,40.4194,-31.3595,-53.4627,44.0092,-31.409,-55.2265,1,1
1237,11.0987,61.7617,38.9376,13.5501,64.0439,41.1243,1,1
1238,-23.2684,20.9871,64.3171,-25.9474,21.7161,67.1966,1,1
1239,55.9536,-57.0598,2.74696,57.6439,-54.5015,5.31554,1,1
1240,-37.7647,-42.7335,-48.8003,-38.3855,-38.7983,-49.1591,1,1
1241,-40.2833,-6.31651,62.0695,-43.3031,-8.82072,61.2887,1,1
1242,-42.5615,23.0091,-58.8996,-43.0469,21.6273,-62.6219,1,1
1243,-60.5011,57.3893,-18.8886,-62.9005,59.5135,-16.4947,1,1
1244,52.6073,0.618471,48.8503,53.0013,1.81397,52.647,1,1
1245,61.5919,40.7309,-27.9166,62.3604,44.1638,-26.0129,1,1
1246,-33.4686,25.2873,55.0004,-33.2747,28.2373,57.6948,1,1
1247,58.0295,-32.3813,8.67827,60.7923,-33.3611,11.3999,1,1
1248,-37.4254,72.2297,20.69,-39.163,74.1091,23.7639,1,1
1249,-4.45248,-5.06978,-86.0641,-7.62148,-5.76217,-88.4046,1,1
1250,20.3644,18.0281,80.5831,16.8142,19.1398,82.0529,1,1
1251,-51.2911,42.9193,51.9913,-50.4968,42.7005,55.9055,1,1
1252,-8.14151,3.19127,85.7375,-6.13427,1.82829,88.9176,1,1
1253,3.03929,18.6706,-79.1152,5.67217,19.6524,-81.9619,1,1
1254,-60.9551,-46.2752,-40.1479,-60.6929,-49.6757,-42.2379,1,1
1255,44.1722,-48.6226,45.6613,47.5701,-48.009,47.6806,1,1
1256,60.4656,37.2624,-29.56,57.9478,37.2105,-32.6678,1,1
1257,0.264235,20.4781,-76.872,1.67244,17.141,-75.1746,1,1
1258,-1.21017,-21.1928,68.1582,-2.60564,-23.1596,64.967,1,1
1259,1.70353,-30.2579,-43.1614,-0.755267,-30.4632,-40.013,1,1
1260,51.0923,-1.84906,39.2435,47.5312,-0.443452,38.0846,1,1
1261,-26.826,-57.9041,53.6022,-30.6451,-58.8072,52.8285,1,1
1262,-66.2867,36.8801,-43.911,-64.0172,38.2902,-46.8877,1,1
1263,-6.80764,74.7886,-27.6603,-8.44055,71.29,-26.6149,1,1
1264,40.4194,-31.3595,-53.4627,38.7166,-30.5454,-56.9894,1,1
1265,-23.2684,20.9871,64.3171,-24.6739,24.3239,62.617,1,1
1266,-37.7647,-42.7335,-48.8003,-36.5478,-45.8754,-46.6445,1,1
1267,-37.4254,72.2297,20.69,-39.1421,74.7633,18.1143,1,1
1268,20.3644,18.0281,80.5831,21.3396,21.899,80.328,1,1
1269,-8.14151,3.19127,85.7375,-5.52633,6.14868,85.0937,1,1
1270,-22.2403,-3.96085,-57.053,-25.1251,-6.61164,-56.2461,1,1
1271,-41.3719,24.7938,-53.332,-43.7265,23.0382,-50.6165,1,1
1272,-54.5197,55.442,-23.5641,-50.6074,55.9075,-22.8732,1,1
1273,63.3573,35.8139,-27.2062,65.4854,36.6926,-23.9353,1,1
1274,-0.948384,-0.6656,-84.3026,1.00042,-0.0553337,-87.742,1,1
1275,26.2105,15.8322,77.6673,30.0854,14.8958,77.9961,1,1
1276,-3.36258,19.1111,-75.8833,-7.07564,20.5349,-76.3144,1,1
1277,-1.87268,38.6387,-61.7656,-5.87152,38.7143,-61.8249,1,1
1278,-13.7322,-19.9816,-63.1088,-10.1261,-20.0101,-61.3779,1,1
1279,54.6539,-1.75624,37.4251,58.2155,-1.66343,35.6067,1,1
1280,4.62815,-3.33565,-78.7995,8.62001,-3.58561,-78.8502,1,1
1281,46.3484,14.5829,10.3919,43.0122,15.8815,12.176,1,1
1282,36.8155,45.5161,-51.382,36.2065,48.7225,-53.6946,1,1
1283,8.80663,69.2147,-32.7768,11.966,70.9951,-34.4646,1,1
1284,22.9485,-35.8951,-51.3248,20.7066,-38.0809,-53.8141,1,1
1285,-25.3366,-54.494,55.0694,-23.8472,-51.0838,56.5366,1,1
1286,-1.56711,-32.3836,-64.753,-0.510575,-30.5881,-68.1676,1,1
1287,-9.61878,8.31283,-73.7539,-13.2348,9.38147,-75.089,1,1
1288,-21.6347,73.5364,1.50983,-20.5291,77.1151,0.106058,1,1
1289,63.7471,1.70167,-16.6424,66.9333,2.57686,-18.8968,1,1
1290,-70.009,35.5481,-44.5195,-73.7313,34.2162,-45.128,1,1
1291,47.9516,-29.1451,40.7542,51.3904,-28.7891,38.7422,1,1
1292,11.7136,47.9593,-62.9176,10.7516,49.9397,-59.578,1,1
1293,-12.1025,-27.4407,73.0792,-15.5417,-29.0574,74.3275,1,1
1294,-50.6228,-45.2806,41.4419,-48.986,-47.5132,44.3292,1,1
1295,17.2038,-14.4931,75.6551,18.9292,-16.4614,78.6797,1,1
1296,26.7762,-7.16774,-72.5811,28.3031,-6.73388,-76.2527,1,1
1297,-41.1706,-3.44352,-63.9693,-38.9172,-5.98454,-66.0825,1,1
1298,-52.1798,59.1511,6.63615,-52.0778,62.5675,8.71395,1,1
1299,2.51461,-42.9244,-52.3552,2.95922,-46.3575,-54.3592,1,1
1300,-65.5199,18.3212,62.4828,-64.8363,18.2897,66.4239,1,1
1301,70.3974,7.91303,10.7871,74.1908,7.03506,11.7032,1,1
1302,48.6882,41.4147,42.731,51.3717,44.039,44.1136,1,1
1303,50.1372,27.1296,-42.0467,53.5986,25.1249,-42.0237,1,1
1304,25.5915,10.4963,-70.04,27.732,10.5254,-73.4189,1,1
1305,-23.4,46.2439,61.0569,-25.6562,45.0768,64.1468,1,1
1306,-9.90204,77.2809,-27.1984,-12.197,80.5568,-27.1604,1,1
1307,44.0092,-31.409,-55.2265,47.9086,-31.9176,-54.4944,1,1
1308,13.5501,64.0439,41.1243,16.0016,66.3261,43.3111,1,1
1309,-25.9474,21.7161,67.1966,-27.8115,20.9183,70.6446,1,1
1310,57.6439,-54.5015,5.31554,59.7741,-55.9258,8.38697,1,1
1311,-43.0469,21.6273,-62.6219,-41.8216,21.1077,-66.394,1,1
1312,-62.9005,59.5135,-16.4947,-65.509,60.9595,-13.8293,1,1
1313,53.0013,1.81397,52.647,53.5533,1.51415,56.5974,1,1
1314,62.3604,44.1638,-26.0129,61.9103,48.1159,-26.436,1,1
1315,-33.2747,28.2373,57.6948,-33.0808,31.1872,60.3893,1,1
1316,60.7923,-33.3611,11.3999,63.5551,-34.3408,14.1215,1,1
1317,-39.163,74.1091,23.7639,-38.9124,73.642,27.7286,1,1
1318,-7.62148,-5.76217,-88.4046,-11.3363,-7.17694,-88.8501,1,1
1319,16.8142,19.1398,82.0529,13.5238,17.2443,83.3099,1,1
1320,-50.4968,42.7005,55.9055,-49.7025,42.4816,59.8197,1,1
1321,-6.13427,1.82829,88.9176,-3.80231,-0.719069,90.9358,1,1
1322,5.67217,19.6524,-81.9619,8.32458,20.5722,-84.8113,1,1
1323,47.5701,-48.009,47.6806,48.7209,-45.899,50.8781,1,1
1324,-8.14151,3.19127,85.7375,-12.1252,2.9322,85.9891,1,1
1325,-41.3719,24.7938,-53.332,-41.3573,28.7666,-53.798,1,1
1326,47.9516,-29.1451,40.7542,45.9504,-30.7176,43.8401,1,1
1327,11.7136,47.9593,-62.9176,14.3562,48.0124,-65.9199,1,1
1328,-23.4,46.2439,61.0569,-22.7486,50.0423,59.9857,1,1
1329,53.0013,1.81397,52.647,56.8798,1.6866,51.6772,1,1
1330,57.9478,37.2105,-32.6678,55.43,37.1587,-35.7755,1,1
1331,-0.755267,-30.4632,-40.013,-3.21406,-30.6685,-36.8647,1,1
1332,-30.6451,-58.8072,52.8285,-34.4643,-59.7103,52.0548,1,1
1333,-64.0172,38.2902,-46.8877,-61.7477,39.7003,-49.8645,1,1
1334,38.7166,-30.5454,-56.9894,37.0138,-29.7312,-60.5161,1,1
1335,-39.1421,74.7633,18.1143,-40.8588,77.2969,15.5387,1,1
1336,21.3396,21.899,80.328,20.4893,25.8068,80.406,1,1
1337,-5.52633,6.14868,85.0937,-2.91114,9.10609,84.4499,1,1
1338,-43.7265,23.0382,-50.6165,-45.3062,20.7345,-47.7535,1,1
1339,65.4854,36.6926,-23.9353,67.9306,33.5643,-23.4511,1,1
1340,1.00042,-0.0553337,-87.742,2.94923,0.554933,-91.1815,1,1
1341,30.0854,14.8958,77.9961,33.9604,13.9595,78.3249,1,1
1342,-7.07564,20.5349,-76.3144,-10.7889,21.9584,-76.7447,1,1
1343,-5.87152,38.7143,-61.8249,-9.87037,38.79,-61.8842,1,1
1344,58.2155,-1.66343,35.6067,61.7771,-1.57061,33.7884,1,1
1345,36.2065,48.7225,-53.6946,35.5974,51.9288,-56.0073,1,1
1346,11.966,70.9951,-34.4646,14.9435,72.4318,-36.7164,1,1
1347,-23.8472,-51.0838,56.5366,-22.3578,-47.6737,58.0038,1,1
1348,-0.510575,-30.5881,-68.1676,0.545962,-28.7926,-71.5823,1,1
1349,-13.2348,9.38147,-75.089,-16.8366,10.5647,-76.3645,1,1
1350,-20.5291,77.1151,0.106058,-19.4484,80.5492,-1.63708,1,1
1351,66.9333,2.57686,-18.8968,70.1195,3.45206,-21.1511,1,1
1352,-73.7313,34.2162,-45.128,-77.4536,32.8842,-45.7365,1,1
1353,51.3904,-28.7891,38.7422,54.8291,-28.433,36.7301,1,1
1354,-15.5417,-29.0574,74.3275,-19.2363,-30.2971,75.2292,1,1
1355,18.9292,-16.4614,78.6797,18.0021,-20.1549,77.4555,1,1
1356,28.3031,-6.73388,-76.2527,30.0174,-6.07288,-79.8057,1,1
1357,-38.9172,-5.98454,-66.0825,-37.8959,-9.12441,-68.3404,1,1
1358,74.1908,7.03506,11.7032,76.6352,7.02476,8.53692,1,1
1359,51.3717,44.039,44.1136,53.7146,46.8595,45.7124,1,1
1360,27.732,10.5254,-73.4189,29.8725,10.5546,-76.7979,1,1
1361,-25.6562,45.0768,64.1468,-27.9125,43.9097,67.2366,1,1
1362,-12.197,80.5568,-27.1604,-13.7923,84.1814,-27.7239,1,1
1363,47.9086,-31.9176,-54.4944,51.8185,-32.4045,-53.8046,1,1
1364,16.0016,66.3261,43.3111,18.453,68.6084,45.4978,1,1
1365,-27.8115,20.9183,70.6446,-30.0368,19.953,73.8252,1,1
1366,59.7741,-55.9258,8.38697,61.9471,-57.3479,11.4293,1,1
1367,-41.8216,21.1077,-66.394,-40.3362,20.7998,-70.0952,1,1
1368,-65.509,60.9595,-13.8293,-68.1176,62.4055,-11.1639,1,1
1369,53.5533,1.51415,56.5974,49.6782,1.7545,57.5595,1,1
1370,61.9103,48.1159,-26.436,61.5987,52.0541,-27.0628,1,1
1371,63.5551,-34.3408,14.1215,66.3179,-35.3206,16.8431,1,1
1372,-38.9124,73.642,27.7286,-38.6267,73.381,31.7099,1,1
1373,-11.3363,-7.17694,-88.8501,-14.9411,-8.90427,-88.9983,1,1
1374,13.5238,17.2443,83.3099,12.3697,13.503,84.129,1,1
1375,-49.7025,42.4816,59.8197,-48.9082,42.2627,63.734,1,1
1376,-3.80231,-0.719069,90.9358,-7.08587,-2.2844,92.5995,1,1
1377,8.32458,20.5722,-84.8113,10.4906,17.4711,-86.1119,1,1
1378,48.7209,-45.899,50.8781,50.3193,-44.4136,54.2305,1,1
1379,11.966,70.9951,-34.4646,12.962,71.9818,-30.7183,1,1
1380,18.9292,-16.4614,78.6797,20.273,-13.2406,80.6343,1,1
1381,-38.9172,-5.98454,-66.0825,-37.2011,-7.40382,-62.7598,1,1
1382,74.1908,7.03506,11.7032,74.8154,6.3378,15.5921,1,1
1383,-12.197,80.5568,-27.1604,-15.3702,78.1398,-27.4584,1,1
1384,-41.8216,21.1077,-66.394,-45.2332,19.0318,-66.621,1,1
1385,-11.3363,-7.17694,-88.8501,-11.9157,-4.42097,-91.6907,1,1
1386,8.32458,20.5722,-84.8113,8.49129,24.3903,-85.9922,1,1
1387,-12.1252,2.9322,85.9891,-16.1088,2.67314,86.2408,1,1
1388,-41.3573,28.7666,-53.798,-41.3427,32.7393,-54.264,1,1
1389,45.9504,-30.7176,43.8401,43.9493,-32.2901,46.9259,1,1
1390,14.3562,48.0124,-65.9199,16.9988,48.0655,-68.9222,1,1
1391,-22.7486,50.0423,59.9857,-22.0972,53.8408,58.9145,1,1
1392,-34.4643,-59.7103,52.0548,-38.2834,-60.6134,51.2811,1,1
1393,-61.7477,39.7003,-49.8645,-59.4782,41.1104,-52.8412,1,1
1394,37.0138,-29.7312,-60.5161,35.3109,-28.9171,-64.0428,1,1
1395,-40.8588,77.2969,15.5387,-42.5754,79.8305,12.963,1,1
1396,20.4893,25.8068,80.406,19.6941,29.7264,80.4736,1,1
1397,33.9604,13.9595,78.3249,37.8353,13.0231,78.6538,1,1
1398,61.7771,-1.57061,33.7884,65.3387,-1.47779,31.97,1,1
1399,14.9435,72.4318,-36.7164,15.4854,71.969,-40.6524,1,1
1400,0.545962,-28.7926,-71.5823,1.6025,-26.9971,-74.997,1,1
1401,-16.8366,10.5647,-76.3645,-20.303,10.1276,-78.3121,1,1
1402,-19.4484,80.5492,-1.63708,-18.6351,83.7505,0.619081,1,1
1403,70.1195,3.45206,-21.1511,73.3057,4.32725,-23.4055,1,1
1404,54.8291,-28.433,36.7301,58.2679,-28.077,34.7181,1,1
1405,-19.2363,-30.2971,75.2292,-20.2446,-27.4227,72.6368,1,1
1406,30.0174,-6.07288,-79.8057,31.9919,-4.98866,-83.1111,1,1
1407,-37.8959,-9.12441,-68.3404,-36.8746,-12.2643,-70.5984,1,1
1408,53.7146,46.8595,45.7124,55.3207,49.8967,47.7607,1,1
1409,29.8725,10.5546,-76.7979,32.013,10.5837,-80.1768,1,1
1410,-27.9125,43.9097,67.2366,-30.1687,42.7426,70.3265,1,1
1411,-13.7923,84.1814,-27.7239,-10.8842,86.6608,-26.5427,1,1
1412,51.8185,-32.4045,-53.8046,55.7457,-32.8523,-53.1909,1,1
1413,18.453,68.6084,45.4978,20.9045,70.8906,47.6846,1,1
1414,-30.0368,19.953,73.8252,-32.397,18.9489,76.8946,1,1
1415,61.9471,-57.3479,11.4293,64.1967,-58.7654,14.4176,1,1
1416,-40.3362,20.7998,-70.0952,-37.129,22.1143,-72.0915,1,1
1417,-68.1176,62.4055,-11.1639,-70.7262,63.8516,-8.49845,1,1
1418,49.6782,1.7545,57.5595,50.3741,-1.49118,55.3276,1,1
1419,61.5987,52.0541,-27.0628,60.3301,55.745,-26.1866,1,1
1420,66.3179,-35.3206,16.8431,69.0807,-36.3003,19.5647,1,1
1421,-38.6267,73.381,31.7099,-37.9577,77.313,32.0133,1,1
1422,-14.9411,-8.90427,-88.9983,-16.7187,-11.92,-87.063,1,1
1423,12.3697,13.503,84.129,11.2164,9.75349,84.9108,1,1
1424,-48.9082,42.2627,63.734,-48.1139,42.0438,67.6482,1,1
1425,10.4906,17.4711,-86.1119,12.6566,14.37,-87.4125,1,1
1426,50.3193,-44.4136,54.2305,51.9178,-42.9283,57.5829,1,1
1427,-38.9172,-5.98454,-66.0825,-39.6846,-3.7093,-69.2817,1,1
1428,-19.2363,-30.2971,75.2292,-19.1086,-33.2898,77.8801,1,1
1429,30.0174,-6.07288,-79.8057,29.1791,-9.62423,-81.4443,1,1
1430,53.7146,46.8595,45.7124,57.1455,45.2603,44.4194,1,1
1431,-13.7923,84.1814,-27.7239,-17.5286,82.9425,-27.0128,1,1
1432,49.6782,1.7545,57.5595,49.0287,5.01146,59.7889,1,1
1433,-38.6267,73.381,31.7099,-39.2069,69.4855,32.4089,1,1
1434,12.962,71.9818,-30.7183,13.958,72.9685,-26.9721,1,1
1435,-37.2011,-7.40382,-62.7598,-35.4849,-8.82309,-59.4371,1,1
1436,-15.3702,78.1398,-27.4584,-18.5434,75.7228,-27.7565,1,1
1437,-11.9157,-4.42097,-91.6907,-12.4951,-1.66501,-94.5313,1,1
1438,8.49129,24.3903,-85.9922,8.658,28.2084,-87.173,1,1
1439,-16.1088,2.67314,86.2408,-20.0925,2.41407,86.4924,1,1
1440,-41.3427,32.7393,-54.264,-41.3282,36.712,-54.73,1,1
1441,16.9988,48.0655,-68.9222,19.6415,48.1186,-71.9245,1,1
1442,-22.0972,53.8408,58.9145,-21.4459,57.6393,57.8433,1,1
1443,-38.2834,-60.6134,51.2811,-42.1026,-61.5164,50.5075,1,1
1444,19.6941,29.7264,80.4736,19.0183,33.6687,80.5189,1,1
1445,37.8353,13.0231,78.6538,41.7102,12.0868,78.9826,1,1
1446,15.4854,71.969,-40.6524,12.4335,73.1354,-42.9601,1,1
1447,1.6025,-26.9971,-74.997,2.65904,-25.2016,-78.4116,1,1
1448,73.3057,4.32725,-23.4055,76.492,5.20245,-25.6598,1,1
1449,58.2679,-28.077,34.7181,61.7066,-27.721,32.7061,1,1
1450,31.9919,-4.98866,-83.1111,33.7189,-1.42572,-83.6794,1,1
1451,-36.8746,-12.2643,-70.5984,-35.8533,-15.4041,-72.8563,1,1
1452,55.3207,49.8967,47.7607,52.3664,52.5902,47.8936,1,1
1453,-10.8842,86.6608,-26.5427,-7.53569,88.7614,-27.1548,1,1
1454,55.7457,-32.8523,-53.1909,59.7008,-33.2246,-52.7239,1,1
1455,20.9045,70.8906,47.6846,23.3559,73.1729,49.8713,1,1
1456,-32.397,18.9489,76.8946,-35.0518,17.8625,79.6824,1,1
1457,64.1967,-58.7654,14.4176,66.5987,-60.1713,17.2906,1,1
1458,-37.129,22.1143,-72.0915,-33.7762,24.0542,-71.0935,1,1
1459,60.3301,55.745,-26.1866,59.0615,59.436,-25.3103,1,1
1460,-16.7187,-11.92,-87.063,-18.0823,-15.1239,-85.0944,1,1
1461,-48.1139,42.0438,67.6482,-47.3195,41.8249,71.5624,1,1
1462,12.6566,14.37,-87.4125,14.8226,11.2689,-88.7131,1,1
1463,51.9178,-42.9283,57.5829,53.5162,-41.4429,60.9354,1,1
1464,15.4854,71.969,-40.6524,19.0389,70.397,-41.6019,1,1
1465,-19.1086,-33.2898,77.8801,-18.9809,-36.2826,80.531,1,1
1466,29.1791,-9.62423,-81.4443,28.3408,-13.1756,-83.083,1,1
1467,57.1455,45.2603,44.4194,60.5764,43.6612,43.1264,1,1
1468,49.0287,5.01146,59.7889,48.3792,8.26841,62.0184,1,1
1469,-39.2069,69.4855,32.4089,-39.7872,65.59,33.1079,1,1
1470,13.958,72.9685,-26.9721,14.954,73.9551,-23.2258,1,1
1471,8.658,28.2084,-87.173,8.82471,32.0264,-88.3539,1,1
1472,-20.0925,2.41407,86.4924,-24.0762,2.15501,86.744,1,1
1473,19.6415,48.1186,-71.9245,22.2841,48.1717,-74.9267,1,1
1474,-21.4459,57.6393,57.8433,-20.7945,61.4377,56.7721,1,1
1475,19.0183,33.6687,80.5189,15.1707,34.5197,81.2053,1,1
1476,12.4335,73.1354,-42.9601,9.38163,74.3018,-45.2679,1,1
1477,76.492,5.20245,-25.6598,79.6782,6.07764,-27.9142,1,1
1478,33.7189,-1.42572,-83.6794,35.202,-2.69667,-80.1886,1,1
1479,-35.8533,-15.4041,-72.8563,-34.832,-18.544,-75.1142,1,1
1480,52.3664,52.5902,47.8936,49.4122,55.2837,48.0264,1,1
1481,-7.53569,88.7614,-27.1548,-4.18544,90.8439,-27.8174,1,1
1482,59.7008,-33.2246,-52.7239,61.1383,-34.9857,-49.4327,1,1
1483,-35.0518,17.8625,79.6824,-37.7829,17.1134,76.8576,1,1
1484,66.5987,-60.1713,17.2906,69.3246,-61.5387,19.8789,1,1
1485,-33.7762,24.0542,-71.0935,-30.4235,25.994,-70.0954,1,1
1486,59.0615,59.436,-25.3103,57.7929,63.1269,-24.434,1,1
1487,-18.0823,-15.1239,-85.0944,-22.0021,-15.3358,-84.3262,1,1
1488,14.8226,11.2689,-88.7131,17.2525,8.20051,-89.5382,1,1
1489,53.5162,-41.4429,60.9354,55.1146,-39.9576,64.2878,1,1
1490,19.0183,33.6687,80.5189,22.594,35.3249,79.8325,1,1
1491,59.7008,-33.2246,-52.7239,61.6332,-31.6566,-55.8556,1,1
1492,-35.0518,17.8625,79.6824,-33.7908,18.0474,83.474,1,1
1493,-18.9809,-36.2826,80.531,-18.8532,-39.2753,83.1819,1,1
1494,28.3408,-13.1756,-83.083,27.5025,-16.7269,-84.7216,1,1
1495,60.5764,43.6612,43.1264,64.0072,42.0621,41.8335,1,1
1496,48.3792,8.26841,62.0184,47.7297,11.5254,64.2478,1,1
1497,14.954,73.9551,-23.2258,15.95,74.9418,-19.4795,1,1
1498,-24.0762,2.15501,86.744,-28.0598,1.89595,86.9956,1,1
1499,22.2841,48.1717,-74.9267,24.9267,48.2248,-77.929,1,1
1500,15.1707,34.5197,81.2053,11.323,35.3707,81.8917,1,1
1501,-4.18544,90.8439,-27.8174,-2.64567,93.0498,-24.8572,1,1
1502,61.1383,-34.9857,-49.4327,62.5758,-36.7467,-46.1414,1,1
1503,69.3246,-61.5387,19.8789,72.1226,-61.0843,17.0568,1,1
1504,-22.0021,-15.3358,-84.3262,-25.9219,-15.5477,-83.558,1,1
1505,17.2525,8.20051,-89.5382,19.6823,5.13213,-90.3634,1,1
1506,55.1146,-39.9576,64.2878,56.713,-38.4723,67.6402,1,1
1507,-4.18544,90.8439,-27.8174,-2.67303,90.4885,-31.5034,1,1
1508,69.3246,-61.5387,19.8789,67.8157,-62.4826,23.4612,1,1
1509,-33.7908,18.0474,83.474,-32.5298,18.2322,87.2655,1,1
1510,27.5025,-16.7269,-84.7216,26.6641,-20.2783,-86.3602,1,1
1511,64.0072,42.0621,41.8335,67.4381,40.4629,40.5405,1,1
1512,62.5758,-36.7467,-46.1414,64.0133,-38.5078,-42.8502,1,1
1513,19.6823,5.13213,-90.3634,22.1122,2.06376,-91.1885,1,1
1514,67.8157,-62.4826,23.4612,66.3068,-63.4264,27.0434,1,1
1515,26.6641,-20.2783,-86.3602,25.8258,-23.8296,-87.9989,1,1
1516,67.4381,40.4629,40.5405,70.869,38.8638,39.2476,1,1
1517,66.3068,-63.4264,27.0434,64.7979,-64.3702,30.6256,1,1
1518,25.8258,-23.8296,-87.9989,24.9875,-27.381,-89.6375,1,1
1519,70.869,38.8638,39.2476,74.2999,37.2647,37.9546,1,1
1520,74.2999,37.2647,37.9546,77.7308,35.6655,36.6617,1,1
